County/Year,Watercraft,Other/Human,Perinatal,Cold Stress,Natural,Total,Not Necropsied,Flood Gate/Canal Lock,Unrecovered/Undetermined
Brevard1974,0.0,1.0,0.0,0.0,0.0,1.0,0.0,0.0,0.0
Broward1974,0.0,0.0,0.0,0.0,0.0,1.0,0.0,0.0,1.0
Citrus1974,1.0,0.0,0.0,0.0,0.0,1.0,0.0,0.0,0.0
Indian River1974,0.0,0.0,0.0,0.0,0.0,1.0,0.0,0.0,1.0
Miami-Dade1974,2.0,0.0,0.0,0.0,0.0,2.0,0.0,0.0,0.0
Volusia1974,0.0,1.0,0.0,0.0,0.0,1.0,0.0,0.0,0.0
TOTAL:1974,3.0,2.0,0.0,0.0,0.0,7.0,0.0,0.0,2.0
Brevard1975,1.0,1.0,5.0,0.0,1.0,14.0,0.0,0.0,6.0
Broward1975,1.0,0.0,0.0,0.0,0.0,1.0,0.0,0.0,0.0
Charlotte1975,0.0,0.0,0.0,0.0,0.0,1.0,0.0,0.0,1.0
Clay1975,0.0,0.0,0.0,0.0,0.0,1.0,0.0,0.0,1.0
Lee1975,0.0,0.0,1.0,0.0,0.0,1.0,0.0,0.0,0.0
Levy1975,3.0,0.0,0.0,0.0,0.0,3.0,0.0,0.0,0.0
Martin1975,0.0,0.0,0.0,0.0,0.0,2.0,0.0,0.0,2.0
Miami-Dade1975,1.0,0.0,1.0,0.0,0.0,4.0,0.0,1.0,1.0
Volusia1975,0.0,0.0,0.0,0.0,0.0,2.0,0.0,0.0,2.0
TOTAL:1975,6.0,1.0,7.0,0.0,1.0,29.0,0.0,1.0,13.0
Brevard1976,1.0,0.0,6.0,0.0,0.0,15.0,0.0,0.0,8.0
Broward1976,1.0,0.0,0.0,0.0,0.0,1.0,0.0,0.0,0.0
Charlotte1976,1.0,0.0,0.0,0.0,0.0,1.0,0.0,0.0,0.0
Citrus1976,0.0,0.0,0.0,0.0,0.0,1.0,0.0,0.0,1.0
Collier1976,0.0,0.0,0.0,0.0,0.0,1.0,0.0,0.0,1.0
Dixie1976,0.0,0.0,0.0,0.0,0.0,1.0,0.0,0.0,1.0
Duval1976,2.0,0.0,0.0,0.0,0.0,6.0,0.0,0.0,4.0
Flagler1976,0.0,0.0,1.0,0.0,1.0,2.0,0.0,0.0,0.0
Glades1976,0.0,0.0,0.0,0.0,0.0,1.0,0.0,0.0,1.0
Indian River1976,0.0,0.0,1.0,0.0,0.0,2.0,0.0,0.0,1.0
Lee1976,1.0,0.0,2.0,0.0,0.0,4.0,0.0,0.0,1.0
Levy1976,0.0,0.0,1.0,0.0,0.0,1.0,0.0,0.0,0.0
Manatee1976,0.0,0.0,0.0,0.0,0.0,1.0,0.0,0.0,1.0
Martin1976,0.0,0.0,1.0,0.0,0.0,1.0,0.0,0.0,0.0
Miami-Dade1976,2.0,0.0,0.0,0.0,1.0,15.0,0.0,4.0,8.0
Palm Beach1976,1.0,0.0,0.0,0.0,0.0,1.0,0.0,0.0,0.0
Pinellas1976,0.0,0.0,1.0,0.0,0.0,1.0,0.0,0.0,0.0
Putnam1976,0.0,0.0,0.0,0.0,0.0,3.0,0.0,0.0,3.0
Sarasota1976,0.0,0.0,0.0,0.0,0.0,1.0,0.0,0.0,1.0
St. Johns1976,0.0,0.0,1.0,0.0,0.0,1.0,0.0,0.0,0.0
Volusia1976,1.0,0.0,0.0,0.0,0.0,2.0,0.0,0.0,1.0
TOTAL:1976,10.0,0.0,14.0,0.0,2.0,62.0,0.0,4.0,32.0
Brevard1977,3.0,0.0,1.0,0.0,1.0,30.0,0.0,0.0,25.0
Broward1977,0.0,1.0,1.0,0.0,0.0,4.0,0.0,0.0,2.0
Charlotte1977,0.0,0.0,0.0,0.0,0.0,4.0,0.0,0.0,4.0
Citrus1977,0.0,1.0,0.0,0.0,0.0,4.0,0.0,0.0,3.0
Clay1977,1.0,0.0,0.0,0.0,0.0,2.0,0.0,0.0,1.0
Collier1977,0.0,0.0,0.0,0.0,0.0,3.0,0.0,0.0,3.0
Duval1977,1.0,0.0,1.0,0.0,0.0,11.0,0.0,0.0,9.0
Glades1977,0.0,0.0,0.0,0.0,0.0,1.0,0.0,0.0,1.0
Hillsborough1977,0.0,0.0,0.0,0.0,0.0,3.0,0.0,0.0,3.0
Indian River1977,0.0,0.0,1.0,0.0,0.0,2.0,0.0,0.0,1.0
Lee1977,2.0,0.0,2.0,0.0,0.0,11.0,0.0,0.0,7.0
Levy1977,0.0,0.0,0.0,0.0,0.0,1.0,0.0,0.0,1.0
Martin1977,0.0,0.0,0.0,0.0,0.0,2.0,0.0,0.0,2.0
Miami-Dade1977,1.0,2.0,2.0,0.0,0.0,12.0,0.0,5.0,2.0
Monroe1977,0.0,0.0,0.0,0.0,0.0,4.0,0.0,0.0,4.0
Palm Beach1977,4.0,0.0,0.0,0.0,0.0,7.0,0.0,0.0,3.0
Putnam1977,0.0,0.0,0.0,0.0,0.0,4.0,0.0,1.0,3.0
Sarasota1977,0.0,0.0,1.0,0.0,0.0,2.0,0.0,0.0,1.0
St. Johns1977,0.0,0.0,0.0,0.0,0.0,2.0,0.0,0.0,2.0
St. Lucie1977,0.0,0.0,0.0,0.0,0.0,3.0,0.0,0.0,3.0
Volusia1977,1.0,1.0,0.0,0.0,0.0,3.0,0.0,0.0,1.0
TOTAL:1977,13.0,5.0,9.0,0.0,1.0,115.0,0.0,6.0,81.0
Brevard1978,4.0,0.0,2.0,0.0,0.0,8.0,0.0,0.0,2.0
Broward1978,0.0,0.0,1.0,0.0,0.0,2.0,0.0,0.0,1.0
Citrus1978,1.0,0.0,1.0,0.0,0.0,2.0,0.0,0.0,0.0
Clay1978,1.0,0.0,0.0,0.0,0.0,2.0,0.0,0.0,1.0
Collier1978,0.0,0.0,0.0,0.0,0.0,3.0,0.0,0.0,3.0
Duval1978,5.0,0.0,0.0,0.0,0.0,11.0,0.0,0.0,6.0
Glades1978,1.0,0.0,0.0,0.0,1.0,3.0,0.0,0.0,1.0
Hillsborough1978,2.0,0.0,1.0,0.0,0.0,4.0,0.0,0.0,1.0
Lake1978,0.0,0.0,1.0,0.0,0.0,1.0,0.0,0.0,0.0
Lee1978,2.0,0.0,0.0,0.0,2.0,9.0,0.0,0.0,5.0
Levy1978,0.0,0.0,1.0,0.0,0.0,1.0,0.0,0.0,0.0
Manatee1978,0.0,0.0,0.0,0.0,0.0,1.0,0.0,0.0,1.0
Martin1978,1.0,0.0,0.0,0.0,0.0,2.0,0.0,0.0,1.0
Miami-Dade1978,2.0,0.0,0.0,0.0,0.0,12.0,0.0,8.0,2.0
Monroe1978,0.0,0.0,0.0,0.0,0.0,10.0,0.0,0.0,10.0
Okeechobee1978,0.0,0.0,0.0,0.0,0.0,1.0,0.0,1.0,0.0
Palm Beach1978,1.0,1.0,1.0,0.0,0.0,3.0,0.0,0.0,0.0
Pinellas1978,0.0,0.0,1.0,0.0,0.0,2.0,0.0,0.0,1.0
Putnam1978,0.0,0.0,0.0,0.0,0.0,1.0,0.0,0.0,1.0
St. Johns1978,0.0,0.0,0.0,0.0,0.0,1.0,0.0,0.0,1.0
St. Lucie1978,0.0,0.0,0.0,0.0,0.0,1.0,0.0,0.0,1.0
Volusia1978,1.0,0.0,1.0,0.0,0.0,4.0,0.0,0.0,2.0
TOTAL:1978,21.0,1.0,10.0,0.0,3.0,84.0,0.0,9.0,40.0
Brevard1979,10.0,1.0,1.0,0.0,2.0,21.0,0.0,0.0,7.0
Broward1979,0.0,0.0,0.0,0.0,0.0,2.0,0.0,0.0,2.0
Charlotte1979,0.0,0.0,0.0,0.0,1.0,1.0,0.0,0.0,0.0
Citrus1979,0.0,0.0,2.0,0.0,0.0,2.0,0.0,0.0,0.0
Collier1979,1.0,1.0,0.0,0.0,0.0,4.0,0.0,0.0,2.0
Duval1979,6.0,1.0,1.0,0.0,0.0,11.0,0.0,0.0,3.0
Glades1979,1.0,0.0,0.0,0.0,0.0,2.0,0.0,0.0,1.0
Hillsborough1979,0.0,0.0,1.0,0.0,0.0,1.0,0.0,0.0,0.0
Lee1979,0.0,1.0,1.0,0.0,1.0,4.0,0.0,0.0,1.0
Levy1979,0.0,0.0,0.0,0.0,0.0,1.0,0.0,0.0,1.0
Manatee1979,0.0,0.0,1.0,0.0,0.0,2.0,0.0,0.0,1.0
Martin1979,3.0,0.0,0.0,0.0,0.0,5.0,0.0,2.0,0.0
Miami-Dade1979,1.0,2.0,0.0,0.0,0.0,9.0,0.0,5.0,1.0
Palm Beach1979,1.0,1.0,0.0,0.0,0.0,3.0,0.0,0.0,1.0
Putnam1979,0.0,2.0,0.0,0.0,0.0,4.0,0.0,1.0,1.0
Sarasota1979,0.0,0.0,0.0,0.0,0.0,1.0,0.0,0.0,1.0
Volusia1979,1.0,0.0,2.0,0.0,0.0,4.0,0.0,0.0,1.0
TOTAL:1979,24.0,9.0,9.0,0.0,4.0,77.0,0.0,8.0,23.0
Brevard1980,7.0,0.0,1.0,0.0,1.0,13.0,0.0,1.0,3.0
Broward1980,2.0,0.0,2.0,0.0,0.0,7.0,0.0,1.0,2.0
Citrus1980,0.0,0.0,1.0,0.0,1.0,2.0,0.0,0.0,0.0
Collier1980,1.0,1.0,0.0,0.0,0.0,5.0,0.0,0.0,3.0
Dixie1980,0.0,0.0,1.0,0.0,0.0,2.0,0.0,0.0,1.0
Duval1980,0.0,0.0,1.0,0.0,0.0,3.0,0.0,0.0,2.0
Flagler1980,0.0,0.0,1.0,0.0,0.0,1.0,0.0,0.0,0.0
Glades1980,1.0,1.0,1.0,0.0,1.0,5.0,0.0,1.0,0.0
Hillsborough1980,0.0,0.0,0.0,0.0,0.0,1.0,0.0,0.0,1.0
Lee1980,2.0,0.0,2.0,0.0,1.0,7.0,0.0,0.0,2.0
Levy1980,0.0,0.0,1.0,0.0,0.0,4.0,0.0,1.0,2.0
Martin1980,0.0,0.0,0.0,0.0,1.0,2.0,0.0,1.0,0.0
Miami-Dade1980,0.0,0.0,0.0,0.0,0.0,2.0,0.0,2.0,0.0
Monroe1980,0.0,0.0,0.0,0.0,0.0,2.0,0.0,0.0,2.0
Pinellas1980,1.0,0.0,0.0,0.0,0.0,1.0,0.0,0.0,0.0
Putnam1980,1.0,0.0,0.0,0.0,0.0,2.0,0.0,1.0,0.0
St. Lucie1980,0.0,0.0,0.0,0.0,0.0,1.0,0.0,0.0,1.0
Volusia1980,1.0,0.0,2.0,0.0,0.0,3.0,0.0,0.0,0.0
TOTAL:1980,16.0,2.0,13.0,0.0,5.0,63.0,0.0,8.0,19.0
Brevard1981,5.0,1.0,3.0,0.0,1.0,20.0,0.0,1.0,9.0
Broward1981,1.0,0.0,0.0,0.0,0.0,2.0,0.0,0.0,1.0
Citrus1981,0.0,0.0,1.0,0.0,0.0,1.0,0.0,0.0,0.0
Collier1981,4.0,0.0,1.0,0.0,0.0,13.0,0.0,0.0,8.0
Duval1981,1.0,0.0,0.0,0.0,1.0,7.0,0.0,0.0,5.0
Glades1981,1.0,0.0,0.0,0.0,0.0,2.0,0.0,1.0,0.0
Hillsborough1981,0.0,0.0,1.0,0.0,0.0,1.0,0.0,0.0,0.0
Indian River1981,2.0,0.0,0.0,0.0,0.0,2.0,0.0,0.0,0.0
Lake1981,0.0,0.0,1.0,0.0,0.0,1.0,0.0,0.0,0.0
Lee1981,4.0,1.0,3.0,1.0,3.0,19.0,0.0,0.0,7.0
Levy1981,0.0,0.0,1.0,0.0,0.0,1.0,0.0,0.0,0.0
Manatee1981,0.0,0.0,0.0,0.0,1.0,3.0,0.0,0.0,2.0
Martin1981,1.0,0.0,0.0,0.0,0.0,5.0,0.0,0.0,4.0
Miami-Dade1981,1.0,2.0,0.0,0.0,0.0,5.0,0.0,0.0,2.0
Monroe1981,0.0,0.0,1.0,0.0,0.0,20.0,0.0,0.0,19.0
Nassau1981,0.0,0.0,0.0,0.0,1.0,2.0,0.0,0.0,1.0
Palm Beach1981,1.0,0.0,0.0,0.0,0.0,3.0,0.0,0.0,2.0
Putnam1981,1.0,0.0,0.0,0.0,0.0,1.0,0.0,0.0,0.0
St. Johns1981,1.0,0.0,0.0,0.0,1.0,2.0,0.0,0.0,0.0
St. Lucie1981,1.0,0.0,0.0,0.0,0.0,4.0,0.0,0.0,3.0
Volusia1981,0.0,0.0,1.0,0.0,0.0,2.0,0.0,0.0,1.0
TOTAL:1981,24.0,4.0,13.0,1.0,8.0,116.0,0.0,2.0,64.0
Brevard1982,2.0,0.0,3.0,0.0,0.0,9.0,0.0,0.0,4.0
Broward1982,2.0,0.0,0.0,0.0,0.0,4.0,0.0,1.0,1.0
Charlotte1982,0.0,0.0,0.0,0.0,1.0,6.0,0.0,0.0,5.0
Citrus1982,0.0,0.0,3.0,0.0,1.0,4.0,0.0,0.0,0.0
Collier1982,3.0,0.0,1.0,0.0,0.0,5.0,0.0,0.0,1.0
Duval1982,1.0,0.0,1.0,0.0,0.0,3.0,0.0,0.0,1.0
Hillsborough1982,1.0,0.0,0.0,0.0,0.0,3.0,0.0,0.0,2.0
Indian River1982,1.0,0.0,1.0,0.0,0.0,3.0,0.0,0.0,1.0
Lake1982,0.0,1.0,0.0,0.0,0.0,1.0,0.0,0.0,0.0
Lee1982,3.0,0.0,1.0,0.0,38.0,48.0,0.0,0.0,6.0
Levy1982,0.0,0.0,1.0,0.0,0.0,2.0,0.0,0.0,1.0
Manatee1982,0.0,0.0,1.0,0.0,0.0,1.0,0.0,0.0,0.0
Martin1982,1.0,0.0,0.0,0.0,0.0,2.0,0.0,0.0,1.0
Miami-Dade1982,0.0,0.0,0.0,0.0,0.0,4.0,0.0,2.0,2.0
Monroe1982,2.0,0.0,0.0,0.0,0.0,4.0,0.0,0.0,2.0
Palm Beach1982,0.0,0.0,1.0,0.0,0.0,2.0,0.0,0.0,1.0
Putnam1982,1.0,0.0,0.0,0.0,0.0,2.0,0.0,0.0,1.0
Sarasota1982,0.0,0.0,1.0,0.0,0.0,2.0,0.0,0.0,1.0
St. Johns1982,1.0,0.0,0.0,0.0,0.0,3.0,0.0,0.0,2.0
St. Lucie1982,0.0,0.0,0.0,0.0,1.0,2.0,0.0,0.0,1.0
Volusia1982,2.0,0.0,0.0,0.0,0.0,4.0,0.0,0.0,2.0
TOTAL:1982,20.0,1.0,14.0,0.0,41.0,114.0,0.0,3.0,35.0
Brevard1983,1.0,0.0,3.0,0.0,0.0,11.0,0.0,0.0,7.0
Broward1983,1.0,0.0,0.0,0.0,1.0,2.0,0.0,0.0,0.0
Charlotte1983,1.0,0.0,0.0,0.0,0.0,1.0,0.0,0.0,0.0
Citrus1983,0.0,0.0,1.0,0.0,0.0,1.0,0.0,0.0,0.0
Clay1983,0.0,0.0,1.0,0.0,0.0,1.0,0.0,0.0,0.0
Collier1983,4.0,0.0,1.0,0.0,0.0,9.0,0.0,0.0,4.0
Duval1983,2.0,0.0,0.0,0.0,0.0,8.0,0.0,0.0,6.0
Glades1983,2.0,0.0,0.0,0.0,0.0,4.0,0.0,2.0,0.0
Hillsborough1983,0.0,0.0,1.0,0.0,1.0,3.0,0.0,0.0,1.0
Lee1983,1.0,1.0,4.0,0.0,3.0,15.0,0.0,0.0,6.0
Levy1983,0.0,0.0,1.0,0.0,0.0,1.0,0.0,0.0,0.0
Martin1983,0.0,0.0,1.0,0.0,0.0,2.0,0.0,1.0,0.0
Miami-Dade1983,0.0,4.0,1.0,0.0,0.0,7.0,0.0,1.0,1.0
Monroe1983,0.0,0.0,0.0,0.0,0.0,1.0,0.0,0.0,1.0
Nassau1983,1.0,0.0,0.0,0.0,0.0,1.0,0.0,0.0,0.0
Palm Beach1983,2.0,0.0,0.0,0.0,0.0,3.0,0.0,0.0,1.0
Pinellas1983,0.0,0.0,0.0,0.0,0.0,1.0,0.0,0.0,1.0
Putnam1983,0.0,0.0,0.0,0.0,0.0,5.0,0.0,3.0,2.0
Sarasota1983,0.0,0.0,1.0,0.0,0.0,1.0,0.0,0.0,0.0
St. Johns1983,0.0,0.0,0.0,0.0,1.0,1.0,0.0,0.0,0.0
Volusia1983,0.0,0.0,3.0,0.0,0.0,3.0,0.0,0.0,0.0
TOTAL:1983,15.0,5.0,18.0,0.0,6.0,81.0,0.0,7.0,30.0
Brevard1984,4.0,0.0,2.0,1.0,1.0,11.0,0.0,0.0,3.0
Broward1984,2.0,0.0,0.0,0.0,0.0,5.0,0.0,0.0,3.0
Charlotte1984,2.0,0.0,0.0,2.0,0.0,4.0,0.0,0.0,0.0
Citrus1984,2.0,0.0,3.0,0.0,0.0,5.0,0.0,0.0,0.0
Clay1984,0.0,0.0,0.0,1.0,0.0,1.0,0.0,0.0,0.0
Collier1984,0.0,0.0,0.0,2.0,0.0,9.0,0.0,0.0,7.0
Duval1984,7.0,0.0,0.0,6.0,0.0,16.0,0.0,0.0,3.0
Glades1984,3.0,0.0,0.0,0.0,0.0,5.0,0.0,2.0,0.0
Hendry1984,1.0,0.0,0.0,0.0,1.0,2.0,0.0,0.0,0.0
Hillsborough1984,1.0,0.0,0.0,0.0,1.0,2.0,0.0,0.0,0.0
Indian River1984,2.0,0.0,1.0,2.0,0.0,6.0,0.0,0.0,1.0
Lake1984,1.0,0.0,0.0,0.0,0.0,1.0,0.0,0.0,0.0
Lee1984,1.0,0.0,6.0,2.0,0.0,19.0,0.0,0.0,10.0
Levy1984,0.0,0.0,3.0,0.0,0.0,4.0,0.0,0.0,1.0
Manatee1984,0.0,0.0,2.0,0.0,0.0,2.0,0.0,0.0,0.0
Martin1984,1.0,1.0,2.0,1.0,0.0,9.0,0.0,1.0,3.0
Miami-Dade1984,1.0,0.0,0.0,0.0,0.0,1.0,0.0,0.0,0.0
Monroe1984,0.0,0.0,0.0,0.0,0.0,3.0,0.0,0.0,3.0
Nassau1984,0.0,0.0,0.0,1.0,0.0,2.0,0.0,0.0,1.0
Palm Beach1984,2.0,0.0,0.0,1.0,0.0,5.0,0.0,0.0,2.0
Pasco1984,0.0,0.0,0.0,0.0,0.0,1.0,0.0,0.0,1.0
Sarasota1984,0.0,0.0,1.0,0.0,0.0,3.0,0.0,0.0,2.0
St. Johns1984,0.0,0.0,0.0,1.0,0.0,1.0,0.0,0.0,0.0
St. Lucie1984,2.0,0.0,0.0,0.0,0.0,3.0,0.0,0.0,1.0
Volusia1984,2.0,0.0,5.0,0.0,1.0,8.0,0.0,0.0,0.0
TOTAL:1984,34.0,1.0,25.0,20.0,4.0,128.0,0.0,3.0,41.0
Brevard1985,8.0,0.0,7.0,5.0,3.0,32.0,0.0,0.0,9.0
Broward1985,1.0,1.0,0.0,0.0,0.0,4.0,0.0,1.0,1.0
Charlotte1985,0.0,0.0,0.0,0.0,1.0,1.0,0.0,0.0,0.0
Citrus1985,1.0,0.0,2.0,0.0,0.0,3.0,0.0,0.0,0.0
Collier1985,1.0,0.0,3.0,1.0,1.0,13.0,0.0,0.0,7.0
DeSoto1985,0.0,0.0,2.0,0.0,0.0,2.0,0.0,0.0,0.0
Duval1985,4.0,0.0,0.0,1.0,1.0,9.0,0.0,0.0,3.0
Glades1985,1.0,0.0,0.0,0.0,0.0,2.0,0.0,0.0,1.0
Hernando1985,0.0,0.0,1.0,0.0,0.0,1.0,0.0,0.0,0.0
Hillsborough1985,3.0,0.0,0.0,0.0,1.0,6.0,0.0,0.0,2.0
Indian River1985,1.0,0.0,0.0,0.0,0.0,2.0,0.0,0.0,1.0
Lee1985,5.0,0.0,4.0,1.0,2.0,16.0,0.0,0.0,4.0
Martin1985,2.0,0.0,0.0,0.0,0.0,3.0,0.0,0.0,1.0
Miami-Dade1985,1.0,0.0,2.0,0.0,0.0,4.0,0.0,1.0,0.0
Monroe1985,0.0,1.0,0.0,0.0,1.0,4.0,0.0,0.0,2.0
Nassau1985,0.0,0.0,0.0,0.0,0.0,1.0,0.0,0.0,1.0
Okeechobee1985,0.0,0.0,0.0,0.0,0.0,1.0,0.0,1.0,0.0
Palm Beach1985,3.0,0.0,0.0,0.0,0.0,3.0,0.0,0.0,0.0
Pinellas1985,0.0,0.0,2.0,0.0,0.0,2.0,0.0,0.0,0.0
Putnam1985,0.0,0.0,0.0,0.0,0.0,2.0,0.0,0.0,2.0
Sarasota1985,0.0,0.0,0.0,1.0,0.0,2.0,0.0,0.0,1.0
St. Johns1985,1.0,0.0,0.0,0.0,0.0,1.0,0.0,0.0,0.0
St. Lucie1985,1.0,0.0,0.0,0.0,0.0,2.0,0.0,0.0,1.0
Volusia1985,1.0,0.0,0.0,0.0,0.0,3.0,0.0,0.0,2.0
TOTAL:1985,34.0,2.0,23.0,9.0,10.0,119.0,0.0,3.0,38.0
Bay1986,0.0,0.0,0.0,1.0,0.0,1.0,0.0,0.0,0.0
Brevard1986,4.0,0.0,5.0,2.0,0.0,15.0,0.0,0.0,4.0
Broward1986,2.0,0.0,2.0,1.0,0.0,6.0,0.0,0.0,1.0
Charlotte1986,1.0,0.0,0.0,0.0,0.0,3.0,0.0,0.0,2.0
Citrus1986,2.0,0.0,1.0,0.0,0.0,4.0,0.0,1.0,0.0
Collier1986,9.0,0.0,1.0,0.0,0.0,12.0,0.0,0.0,2.0
Duval1986,2.0,0.0,0.0,2.0,0.0,13.0,0.0,0.0,9.0
Glades1986,0.0,0.0,0.0,0.0,0.0,1.0,0.0,0.0,1.0
Hillsborough1986,0.0,0.0,2.0,0.0,0.0,6.0,0.0,2.0,2.0
Indian River1986,1.0,0.0,0.0,0.0,0.0,1.0,0.0,0.0,0.0
Lake1986,0.0,0.0,1.0,0.0,0.0,1.0,0.0,0.0,0.0
Lee1986,3.0,0.0,2.0,1.0,0.0,15.0,0.0,0.0,9.0
Levy1986,0.0,0.0,1.0,0.0,0.0,3.0,0.0,0.0,2.0
Manatee1986,1.0,0.0,0.0,0.0,0.0,1.0,0.0,0.0,0.0
Martin1986,3.0,0.0,0.0,0.0,0.0,4.0,0.0,0.0,1.0
Miami-Dade1986,1.0,1.0,0.0,0.0,0.0,2.0,0.0,0.0,0.0
Monroe1986,0.0,0.0,2.0,0.0,0.0,7.0,0.0,0.0,5.0
Nassau1986,0.0,0.0,0.0,1.0,0.0,1.0,0.0,0.0,0.0
Okeechobee1986,0.0,0.0,0.0,0.0,0.0,1.0,0.0,0.0,1.0
Palm Beach1986,1.0,0.0,2.0,0.0,0.0,6.0,0.0,0.0,3.0
Pinellas1986,1.0,0.0,0.0,0.0,0.0,2.0,0.0,0.0,1.0
Putnam1986,0.0,0.0,0.0,1.0,1.0,2.0,0.0,0.0,0.0
Sarasota1986,0.0,0.0,3.0,0.0,0.0,3.0,0.0,0.0,0.0
St. Lucie1986,0.0,0.0,0.0,3.0,0.0,4.0,0.0,0.0,1.0
Volusia1986,2.0,0.0,5.0,0.0,0.0,8.0,0.0,0.0,1.0
TOTAL:1986,33.0,1.0,27.0,12.0,1.0,122.0,0.0,3.0,45.0
Brevard1987,6.0,1.0,8.0,0.0,5.0,23.0,0.0,0.0,3.0
Broward1987,5.0,0.0,0.0,0.0,0.0,6.0,0.0,0.0,1.0
Charlotte1987,1.0,0.0,1.0,0.0,0.0,2.0,0.0,0.0,0.0
Citrus1987,0.0,0.0,4.0,0.0,1.0,6.0,0.0,0.0,1.0
Clay1987,0.0,0.0,1.0,1.0,0.0,2.0,0.0,0.0,0.0
Collier1987,6.0,1.0,1.0,0.0,1.0,10.0,0.0,0.0,1.0
Duval1987,5.0,0.0,2.0,3.0,1.0,12.0,0.0,0.0,1.0
Flagler1987,0.0,0.0,1.0,0.0,0.0,2.0,0.0,0.0,1.0
Glades1987,0.0,0.0,0.0,0.0,0.0,1.0,0.0,1.0,0.0
Hillsborough1987,0.0,0.0,2.0,0.0,0.0,2.0,0.0,0.0,0.0
Indian River1987,0.0,0.0,1.0,0.0,0.0,1.0,0.0,0.0,0.0
Lee1987,3.0,0.0,2.0,0.0,1.0,10.0,0.0,0.0,4.0
Manatee1987,0.0,0.0,2.0,0.0,0.0,2.0,0.0,0.0,0.0
Martin1987,2.0,0.0,0.0,0.0,0.0,4.0,0.0,2.0,0.0
Miami-Dade1987,4.0,0.0,1.0,0.0,0.0,8.0,0.0,2.0,1.0
Monroe1987,0.0,0.0,0.0,0.0,0.0,2.0,0.0,0.0,2.0
Palm Beach1987,1.0,0.0,1.0,0.0,1.0,3.0,0.0,0.0,0.0
Pinellas1987,0.0,0.0,0.0,1.0,0.0,1.0,0.0,0.0,0.0
Putnam1987,0.0,0.0,0.0,1.0,0.0,2.0,0.0,0.0,1.0
Sarasota1987,2.0,0.0,0.0,0.0,0.0,4.0,0.0,0.0,2.0
St. Lucie1987,1.0,0.0,0.0,0.0,0.0,1.0,0.0,0.0,0.0
Volusia1987,3.0,0.0,3.0,0.0,0.0,9.0,0.0,0.0,3.0
TOTAL:1987,39.0,2.0,30.0,6.0,10.0,113.0,0.0,5.0,21.0
Bay1988,0.0,1.0,0.0,0.0,0.0,1.0,0.0,0.0,0.0
Brevard1988,8.0,1.0,5.0,3.0,2.0,20.0,0.0,0.0,1.0
Broward1988,2.0,1.0,0.0,1.0,1.0,5.0,0.0,0.0,0.0
Charlotte1988,0.0,0.0,0.0,0.0,0.0,2.0,0.0,0.0,2.0
Citrus1988,2.0,0.0,4.0,0.0,1.0,7.0,0.0,0.0,0.0
Clay1988,0.0,0.0,0.0,0.0,0.0,2.0,0.0,0.0,2.0
Collier1988,4.0,0.0,3.0,0.0,0.0,13.0,0.0,0.0,6.0
Duval1988,4.0,0.0,0.0,2.0,2.0,9.0,0.0,0.0,1.0
Glades1988,1.0,0.0,0.0,0.0,0.0,3.0,0.0,1.0,1.0
Hillsborough1988,0.0,1.0,2.0,0.0,0.0,3.0,0.0,0.0,0.0
Indian River1988,0.0,0.0,1.0,0.0,1.0,2.0,0.0,0.0,0.0
Lake1988,1.0,0.0,0.0,0.0,0.0,1.0,0.0,0.0,0.0
Lee1988,8.0,0.0,5.0,1.0,1.0,19.0,0.0,0.0,4.0
Levy1988,0.0,0.0,1.0,0.0,1.0,2.0,0.0,0.0,0.0
Manatee1988,1.0,0.0,1.0,0.0,1.0,3.0,0.0,0.0,0.0
Martin1988,4.0,0.0,1.0,0.0,1.0,6.0,0.0,0.0,0.0
Miami-Dade1988,1.0,0.0,0.0,0.0,1.0,9.0,0.0,6.0,1.0
Monroe1988,2.0,0.0,0.0,0.0,0.0,4.0,0.0,0.0,2.0
Nassau1988,1.0,0.0,0.0,0.0,0.0,2.0,0.0,0.0,1.0
Palm Beach1988,2.0,0.0,1.0,0.0,1.0,4.0,0.0,0.0,0.0
Pinellas1988,0.0,0.0,1.0,0.0,0.0,1.0,0.0,0.0,0.0
Sarasota1988,2.0,0.0,2.0,0.0,0.0,7.0,0.0,0.0,3.0
St. Johns1988,0.0,0.0,1.0,1.0,0.0,3.0,0.0,0.0,1.0
St. Lucie1988,0.0,0.0,1.0,0.0,1.0,2.0,0.0,0.0,0.0
Volusia1988,0.0,0.0,1.0,1.0,1.0,4.0,0.0,0.0,1.0
TOTAL:1988,43.0,4.0,30.0,9.0,15.0,134.0,0.0,7.0,26.0
Brevard1989,10.0,0.0,10.0,4.0,7.0,37.0,0.0,1.0,5.0
Broward1989,3.0,0.0,1.0,0.0,0.0,4.0,0.0,0.0,0.0
Charlotte1989,2.0,1.0,0.0,0.0,1.0,10.0,0.0,0.0,6.0
Citrus1989,2.0,0.0,0.0,0.0,1.0,5.0,0.0,0.0,2.0
Collier1989,7.0,0.0,7.0,0.0,1.0,19.0,0.0,0.0,4.0
DeSoto1989,0.0,0.0,0.0,0.0,0.0,1.0,0.0,0.0,1.0
Duval1989,6.0,1.0,3.0,4.0,2.0,20.0,0.0,0.0,4.0
Flagler1989,0.0,0.0,0.0,1.0,1.0,2.0,0.0,0.0,0.0
Franklin1989,0.0,0.0,0.0,0.0,0.0,1.0,0.0,0.0,1.0
Glades1989,2.0,0.0,0.0,0.0,0.0,2.0,0.0,0.0,0.0
Hillsborough1989,0.0,1.0,2.0,2.0,0.0,5.0,0.0,0.0,0.0
Indian River1989,2.0,0.0,3.0,0.0,0.0,5.0,0.0,0.0,0.0
Lake1989,1.0,0.0,0.0,0.0,0.0,1.0,0.0,0.0,0.0
Lee1989,0.0,0.0,5.0,0.0,2.0,16.0,0.0,0.0,9.0
Manatee1989,0.0,0.0,1.0,0.0,0.0,1.0,0.0,0.0,0.0
Martin1989,2.0,0.0,1.0,0.0,0.0,7.0,0.0,2.0,2.0
Miami-Dade1989,3.0,0.0,0.0,0.0,0.0,3.0,0.0,0.0,0.0
Monroe1989,1.0,0.0,0.0,0.0,0.0,4.0,0.0,0.0,3.0
Nassau1989,0.0,0.0,0.0,1.0,0.0,3.0,0.0,0.0,2.0
Palm Beach1989,0.0,0.0,1.0,0.0,0.0,1.0,0.0,0.0,0.0
Pinellas1989,3.0,0.0,0.0,0.0,0.0,3.0,0.0,0.0,0.0
Putnam1989,2.0,0.0,0.0,0.0,0.0,2.0,0.0,0.0,0.0
Sarasota1989,2.0,0.0,0.0,0.0,2.0,5.0,0.0,0.0,1.0
St. Johns1989,0.0,0.0,0.0,1.0,0.0,1.0,0.0,0.0,0.0
St. Lucie1989,1.0,0.0,2.0,0.0,1.0,4.0,0.0,0.0,0.0
Volusia1989,1.0,2.0,2.0,1.0,0.0,6.0,0.0,0.0,0.0
TOTAL:1989,50.0,5.0,38.0,14.0,18.0,168.0,0.0,3.0,40.0
Bay1990,0.0,0.0,0.0,1.0,0.0,1.0,0.0,0.0,0.0
Brevard1990,7.0,0.0,15.0,28.0,6.0,62.0,0.0,1.0,5.0
Broward1990,1.0,0.0,0.0,0.0,0.0,1.0,0.0,0.0,0.0
Charlotte1990,1.0,0.0,1.0,1.0,0.0,4.0,0.0,0.0,1.0
Citrus1990,1.0,0.0,1.0,0.0,2.0,4.0,0.0,0.0,0.0
Clay1990,0.0,0.0,0.0,3.0,0.0,3.0,0.0,0.0,0.0
Collier1990,7.0,0.0,1.0,0.0,3.0,13.0,0.0,0.0,2.0
DeSoto1990,0.0,0.0,1.0,0.0,0.0,1.0,0.0,0.0,0.0
Duval1990,3.0,3.0,0.0,4.0,0.0,13.0,0.0,0.0,3.0
Flagler1990,1.0,0.0,2.0,0.0,0.0,4.0,0.0,0.0,1.0
Franklin1990,0.0,1.0,0.0,0.0,0.0,1.0,0.0,0.0,0.0
Glades1990,1.0,0.0,0.0,0.0,1.0,2.0,0.0,0.0,0.0
Hillsborough1990,0.0,0.0,1.0,0.0,2.0,7.0,0.0,0.0,4.0
Indian River1990,0.0,0.0,2.0,1.0,0.0,3.0,0.0,0.0,0.0
Lee1990,5.0,0.0,6.0,2.0,4.0,27.0,0.0,0.0,10.0
Levy1990,1.0,0.0,2.0,0.0,0.0,3.0,0.0,0.0,0.0
Manatee1990,1.0,0.0,2.0,1.0,0.0,4.0,0.0,0.0,0.0
Martin1990,4.0,0.0,1.0,0.0,0.0,6.0,0.0,1.0,0.0
Miami-Dade1990,1.0,0.0,0.0,0.0,0.0,4.0,0.0,1.0,2.0
Monroe1990,0.0,0.0,0.0,2.0,1.0,8.0,0.0,0.0,5.0
Nassau1990,0.0,0.0,0.0,0.0,1.0,3.0,0.0,0.0,2.0
Okaloosa1990,0.0,0.0,0.0,1.0,0.0,1.0,0.0,0.0,0.0
Palm Beach1990,3.0,0.0,0.0,0.0,1.0,6.0,0.0,0.0,2.0
Pinellas1990,0.0,0.0,2.0,0.0,0.0,3.0,0.0,0.0,1.0
Putnam1990,0.0,0.0,0.0,0.0,0.0,1.0,0.0,0.0,1.0
Sarasota1990,2.0,0.0,4.0,1.0,0.0,7.0,0.0,0.0,0.0
St. Johns1990,0.0,0.0,1.0,0.0,0.0,1.0,0.0,0.0,0.0
St. Lucie1990,4.0,0.0,0.0,0.0,0.0,5.0,0.0,0.0,1.0
Volusia1990,4.0,0.0,2.0,1.0,0.0,8.0,0.0,0.0,1.0
TOTAL:1990,47.0,4.0,44.0,46.0,21.0,206.0,0.0,3.0,41.0
Brevard1991,13.0,2.0,7.0,1.0,3.0,38.0,0.0,2.0,10.0
Broward1991,2.0,0.0,0.0,0.0,0.0,3.0,0.0,1.0,0.0
Charlotte1991,2.0,0.0,0.0,0.0,0.0,4.0,0.0,0.0,2.0
Citrus1991,0.0,0.0,4.0,0.0,1.0,5.0,0.0,0.0,0.0
Clay1991,1.0,0.0,1.0,0.0,0.0,2.0,0.0,0.0,0.0
Collier1991,5.0,0.0,4.0,0.0,1.0,14.0,0.0,0.0,4.0
Dixie1991,1.0,0.0,0.0,0.0,1.0,2.0,0.0,0.0,0.0
Duval1991,9.0,2.0,4.0,0.0,1.0,19.0,0.0,0.0,3.0
Flagler1991,0.0,0.0,2.0,0.0,0.0,2.0,0.0,0.0,0.0
Hillsborough1991,2.0,0.0,4.0,0.0,1.0,8.0,0.0,0.0,1.0
Indian River1991,1.0,0.0,2.0,0.0,0.0,4.0,0.0,0.0,1.0
Lake1991,1.0,0.0,0.0,0.0,0.0,1.0,0.0,0.0,0.0
Lee1991,7.0,0.0,6.0,0.0,2.0,18.0,0.0,0.0,3.0
Manatee1991,1.0,0.0,2.0,0.0,0.0,4.0,0.0,0.0,1.0
Martin1991,2.0,0.0,1.0,0.0,0.0,9.0,0.0,2.0,4.0
Miami-Dade1991,0.0,0.0,2.0,0.0,2.0,7.0,0.0,1.0,2.0
Monroe1991,0.0,0.0,0.0,0.0,0.0,1.0,0.0,0.0,1.0
Nassau1991,0.0,0.0,0.0,0.0,0.0,2.0,0.0,0.0,2.0
Okeechobee1991,0.0,0.0,0.0,0.0,0.0,2.0,0.0,2.0,0.0
Palm Beach1991,1.0,1.0,0.0,0.0,1.0,6.0,0.0,0.0,3.0
Pasco1991,0.0,0.0,1.0,0.0,0.0,1.0,0.0,0.0,0.0
Pinellas1991,0.0,0.0,2.0,0.0,0.0,2.0,0.0,0.0,0.0
Putnam1991,0.0,0.0,1.0,0.0,0.0,2.0,0.0,1.0,0.0
Sarasota1991,1.0,0.0,2.0,0.0,0.0,5.0,0.0,0.0,2.0
Seminole1991,0.0,0.0,2.0,0.0,0.0,2.0,0.0,0.0,0.0
St. Lucie1991,1.0,0.0,0.0,0.0,0.0,1.0,0.0,0.0,0.0
Volusia1991,3.0,1.0,6.0,0.0,0.0,10.0,0.0,0.0,0.0
TOTAL:1991,53.0,6.0,53.0,1.0,13.0,174.0,0.0,9.0,39.0
Brevard1992,7.0,0.0,12.0,0.0,1.0,31.0,0.0,0.0,11.0
Broward1992,2.0,0.0,5.0,0.0,0.0,9.0,0.0,0.0,2.0
Charlotte1992,0.0,0.0,1.0,0.0,0.0,3.0,0.0,0.0,2.0
Citrus1992,3.0,0.0,3.0,0.0,2.0,9.0,0.0,0.0,1.0
Clay1992,4.0,0.0,0.0,0.0,0.0,4.0,0.0,0.0,0.0
Collier1992,4.0,2.0,5.0,0.0,2.0,19.0,0.0,0.0,6.0
DeSoto1992,0.0,0.0,2.0,0.0,0.0,2.0,0.0,0.0,0.0
Duval1992,2.0,0.0,1.0,0.0,3.0,8.0,0.0,0.0,2.0
Flagler1992,0.0,1.0,1.0,0.0,0.0,2.0,0.0,0.0,0.0
Glades1992,0.0,0.0,1.0,0.0,0.0,4.0,0.0,1.0,2.0
Hillsborough1992,2.0,0.0,1.0,0.0,1.0,4.0,0.0,0.0,0.0
Indian River1992,0.0,0.0,1.0,0.0,0.0,1.0,0.0,0.0,0.0
Lee1992,2.0,1.0,4.0,0.0,3.0,19.0,0.0,0.0,9.0
Manatee1992,1.0,0.0,2.0,0.0,0.0,4.0,0.0,0.0,1.0
Martin1992,1.0,1.0,2.0,0.0,0.0,8.0,0.0,2.0,2.0
Miami-Dade1992,4.0,1.0,1.0,0.0,1.0,10.0,0.0,1.0,2.0
Monroe1992,2.0,0.0,0.0,0.0,1.0,6.0,0.0,0.0,3.0
Nassau1992,0.0,0.0,0.0,0.0,0.0,1.0,0.0,0.0,1.0
Okeechobee1992,0.0,0.0,0.0,0.0,0.0,1.0,0.0,1.0,0.0
Palm Beach1992,0.0,0.0,1.0,0.0,2.0,3.0,0.0,0.0,0.0
Pasco1992,0.0,0.0,0.0,0.0,0.0,1.0,0.0,0.0,1.0
Pinellas1992,1.0,0.0,0.0,0.0,0.0,1.0,0.0,0.0,0.0
Putnam1992,1.0,0.0,2.0,0.0,0.0,3.0,0.0,0.0,0.0
Sarasota1992,0.0,0.0,0.0,0.0,1.0,1.0,0.0,0.0,0.0
St. Lucie1992,1.0,0.0,0.0,0.0,2.0,4.0,0.0,0.0,1.0
Volusia1992,1.0,0.0,3.0,0.0,1.0,5.0,0.0,0.0,0.0
TOTAL:1992,38.0,6.0,48.0,0.0,20.0,163.0,0.0,5.0,46.0
Brevard1993,9.0,0.0,9.0,0.0,7.0,30.0,0.0,0.0,5.0
Broward1993,2.0,0.0,1.0,0.0,0.0,4.0,0.0,0.0,1.0
Charlotte1993,1.0,0.0,2.0,0.0,0.0,4.0,0.0,0.0,1.0
Citrus1993,1.0,1.0,2.0,0.0,1.0,7.0,0.0,0.0,2.0
Clay1993,0.0,0.0,0.0,0.0,0.0,1.0,0.0,0.0,1.0
Collier1993,5.0,1.0,3.0,2.0,1.0,18.0,0.0,0.0,6.0
Dixie1993,0.0,0.0,1.0,0.0,0.0,2.0,0.0,0.0,1.0
Duval1993,2.0,0.0,2.0,0.0,0.0,5.0,0.0,0.0,1.0
Flagler1993,1.0,0.0,1.0,0.0,0.0,2.0,0.0,0.0,0.0
Glades1993,0.0,0.0,0.0,0.0,0.0,2.0,0.0,1.0,1.0
Hendry1993,1.0,0.0,0.0,0.0,0.0,1.0,0.0,0.0,0.0
Hillsborough1993,0.0,0.0,0.0,0.0,1.0,2.0,0.0,0.0,1.0
Lee1993,5.0,1.0,5.0,0.0,3.0,17.0,0.0,0.0,3.0
Levy1993,0.0,0.0,1.0,0.0,0.0,3.0,0.0,0.0,2.0
Manatee1993,0.0,0.0,1.0,0.0,2.0,3.0,0.0,0.0,0.0
Martin1993,0.0,0.0,2.0,0.0,0.0,3.0,0.0,1.0,0.0
Miami-Dade1993,0.0,2.0,0.0,0.0,0.0,5.0,0.0,2.0,1.0
Monroe1993,1.0,0.0,2.0,0.0,2.0,7.0,0.0,0.0,2.0
Okeechobee1993,0.0,0.0,0.0,0.0,0.0,1.0,0.0,1.0,0.0
Palm Beach1993,3.0,1.0,0.0,0.0,1.0,5.0,0.0,0.0,0.0
Pasco1993,0.0,0.0,1.0,0.0,0.0,1.0,0.0,0.0,0.0
Pinellas1993,0.0,0.0,0.0,0.0,2.0,3.0,0.0,0.0,1.0
Putnam1993,1.0,0.0,0.0,0.0,0.0,2.0,0.0,0.0,1.0
Sarasota1993,2.0,0.0,1.0,0.0,2.0,5.0,0.0,0.0,0.0
Seminole1993,0.0,0.0,0.0,0.0,0.0,1.0,0.0,0.0,1.0
St. Johns1993,0.0,0.0,0.0,0.0,0.0,2.0,0.0,0.0,2.0
St. Lucie1993,1.0,0.0,1.0,0.0,0.0,4.0,0.0,0.0,2.0
Volusia1993,0.0,0.0,4.0,0.0,0.0,5.0,0.0,0.0,1.0
TOTAL:1993,35.0,6.0,39.0,2.0,22.0,145.0,0.0,5.0,36.0
Brevard1994,9.0,0.0,17.0,0.0,9.0,42.0,0.0,0.0,7.0
Broward1994,3.0,0.0,1.0,0.0,0.0,4.0,0.0,0.0,0.0
Charlotte1994,2.0,0.0,1.0,1.0,3.0,9.0,0.0,0.0,2.0
Citrus1994,2.0,0.0,0.0,0.0,3.0,5.0,0.0,0.0,0.0
Clay1994,1.0,0.0,0.0,0.0,0.0,2.0,0.0,0.0,1.0
Collier1994,4.0,0.0,1.0,0.0,4.0,13.0,0.0,0.0,4.0
Duval1994,2.0,1.0,1.0,1.0,1.0,6.0,0.0,0.0,0.0
Flagler1994,1.0,0.0,0.0,0.0,0.0,1.0,0.0,0.0,0.0
Glades1994,2.0,0.0,0.0,0.0,0.0,10.0,0.0,8.0,0.0
Hillsborough1994,2.0,0.0,1.0,0.0,1.0,4.0,0.0,0.0,0.0
Indian River1994,0.0,0.0,0.0,0.0,0.0,2.0,0.0,0.0,2.0
Lee1994,10.0,1.0,9.0,0.0,4.0,33.0,0.0,0.0,9.0
Levy1994,0.0,0.0,3.0,0.0,0.0,3.0,0.0,0.0,0.0
Manatee1994,2.0,0.0,0.0,1.0,2.0,5.0,0.0,0.0,0.0
Martin1994,1.0,0.0,3.0,0.0,0.0,7.0,0.0,2.0,1.0
Miami-Dade1994,1.0,3.0,1.0,0.0,1.0,11.0,0.0,4.0,1.0
Monroe1994,0.0,0.0,0.0,0.0,1.0,3.0,0.0,0.0,2.0
Nassau1994,0.0,0.0,0.0,0.0,0.0,2.0,0.0,0.0,2.0
Okeechobee1994,0.0,0.0,1.0,0.0,0.0,3.0,0.0,2.0,0.0
Palm Beach1994,2.0,0.0,1.0,0.0,0.0,3.0,0.0,0.0,0.0
Pasco1994,0.0,0.0,1.0,0.0,0.0,1.0,0.0,0.0,0.0
Pinellas1994,1.0,0.0,1.0,0.0,1.0,7.0,0.0,0.0,4.0
Putnam1994,1.0,0.0,0.0,0.0,0.0,2.0,0.0,0.0,1.0
Sarasota1994,2.0,0.0,1.0,0.0,1.0,6.0,0.0,0.0,2.0
St. Lucie1994,0.0,0.0,0.0,0.0,2.0,2.0,0.0,0.0,0.0
Volusia1994,1.0,0.0,3.0,0.0,0.0,6.0,0.0,0.0,2.0
Wakulla1994,0.0,0.0,0.0,1.0,0.0,1.0,0.0,0.0,0.0
TOTAL:1994,49.0,5.0,46.0,4.0,33.0,193.0,0.0,16.0,40.0
Brevard1995,6.0,1.0,15.0,0.0,4.0,40.0,0.0,0.0,14.0
Broward1995,0.0,0.0,4.0,0.0,0.0,5.0,0.0,1.0,0.0
Charlotte1995,4.0,0.0,0.0,0.0,2.0,7.0,0.0,0.0,1.0
Citrus1995,0.0,0.0,4.0,0.0,1.0,6.0,0.0,0.0,1.0
Collier1995,4.0,0.0,0.0,0.0,0.0,10.0,0.0,0.0,6.0
Duval1995,3.0,0.0,0.0,0.0,1.0,7.0,0.0,0.0,3.0
Flagler1995,1.0,0.0,2.0,0.0,1.0,4.0,0.0,0.0,0.0
Franklin1995,0.0,0.0,0.0,0.0,0.0,1.0,0.0,0.0,1.0
Glades1995,0.0,0.0,0.0,0.0,1.0,3.0,0.0,1.0,1.0
Hernando1995,0.0,0.0,1.0,0.0,0.0,1.0,0.0,0.0,0.0
Hillsborough1995,3.0,0.0,1.0,0.0,1.0,6.0,0.0,0.0,1.0
Indian River1995,1.0,0.0,3.0,0.0,0.0,5.0,0.0,0.0,1.0
Lake1995,0.0,0.0,1.0,0.0,0.0,1.0,0.0,0.0,0.0
Lee1995,8.0,1.0,9.0,0.0,6.0,31.0,0.0,0.0,7.0
Manatee1995,1.0,0.0,1.0,0.0,1.0,5.0,0.0,0.0,2.0
Martin1995,1.0,0.0,2.0,0.0,1.0,6.0,0.0,1.0,1.0
Miami-Dade1995,2.0,2.0,0.0,0.0,3.0,14.0,0.0,3.0,4.0
Monroe1995,3.0,0.0,0.0,0.0,0.0,4.0,0.0,0.0,1.0
Nassau1995,0.0,0.0,0.0,0.0,0.0,1.0,0.0,0.0,1.0
Okeechobee1995,0.0,0.0,1.0,0.0,0.0,1.0,0.0,0.0,0.0
Palm Beach1995,2.0,0.0,0.0,0.0,3.0,6.0,0.0,0.0,1.0
Pinellas1995,1.0,0.0,2.0,0.0,1.0,7.0,0.0,0.0,3.0
Putnam1995,0.0,0.0,1.0,0.0,1.0,4.0,0.0,2.0,0.0
Sarasota1995,0.0,0.0,2.0,0.0,7.0,12.0,0.0,0.0,3.0
Seminole1995,0.0,0.0,1.0,0.0,0.0,1.0,0.0,0.0,0.0
St. Johns1995,1.0,0.0,0.0,0.0,1.0,2.0,0.0,0.0,0.0
St. Lucie1995,0.0,1.0,0.0,0.0,0.0,2.0,0.0,0.0,1.0
Volusia1995,1.0,0.0,6.0,0.0,0.0,9.0,0.0,0.0,2.0
TOTAL:1995,42.0,5.0,56.0,0.0,35.0,201.0,0.0,8.0,55.0
Brevard1996,13.0,0.0,15.0,3.0,6.0,56.0,0.0,4.0,15.0
Broward1996,1.0,0.0,2.0,0.0,1.0,6.0,0.0,0.0,2.0
Charlotte1996,1.0,0.0,3.0,1.0,13.0,25.0,0.0,0.0,7.0
Citrus1996,2.0,0.0,3.0,0.0,0.0,6.0,0.0,0.0,1.0
Clay1996,0.0,0.0,0.0,0.0,0.0,2.0,0.0,0.0,2.0
Collier1996,5.0,0.0,10.0,3.0,22.0,70.0,0.0,0.0,30.0
Duval1996,3.0,0.0,0.0,1.0,2.0,10.0,0.0,0.0,4.0
Flagler1996,0.0,0.0,1.0,1.0,1.0,3.0,0.0,0.0,0.0
Glades1996,0.0,0.0,0.0,0.0,0.0,3.0,0.0,2.0,1.0
Hendry1996,0.0,0.0,0.0,0.0,0.0,1.0,0.0,0.0,1.0
Hillsborough1996,4.0,0.0,2.0,0.0,1.0,10.0,0.0,0.0,3.0
Indian River1996,4.0,0.0,2.0,0.0,0.0,10.0,0.0,0.0,4.0
Lake1996,0.0,0.0,0.0,0.0,0.0,1.0,0.0,0.0,1.0
Lee1996,14.0,0.0,7.0,5.0,45.0,145.0,0.0,0.0,74.0
Levy1996,1.0,0.0,1.0,0.0,0.0,2.0,0.0,0.0,0.0
Manatee1996,0.0,0.0,0.0,2.0,1.0,4.0,0.0,0.0,1.0
Martin1996,2.0,0.0,2.0,0.0,0.0,6.0,0.0,1.0,1.0
Miami-Dade1996,0.0,0.0,1.0,0.0,0.0,7.0,0.0,3.0,3.0
Monroe1996,1.0,0.0,0.0,0.0,0.0,8.0,0.0,0.0,7.0
Nassau1996,1.0,0.0,0.0,0.0,0.0,1.0,0.0,0.0,0.0
Palm Beach1996,3.0,0.0,0.0,0.0,2.0,7.0,0.0,0.0,2.0
Pasco1996,0.0,0.0,1.0,0.0,0.0,1.0,0.0,0.0,0.0
Pinellas1996,0.0,0.0,4.0,1.0,1.0,7.0,0.0,0.0,1.0
Putnam1996,1.0,0.0,0.0,0.0,0.0,2.0,0.0,0.0,1.0
Sarasota1996,1.0,0.0,0.0,0.0,4.0,8.0,0.0,0.0,3.0
St. Johns1996,0.0,0.0,0.0,0.0,0.0,1.0,0.0,0.0,1.0
St. Lucie1996,1.0,0.0,1.0,0.0,2.0,4.0,0.0,0.0,0.0
Volusia1996,2.0,0.0,6.0,0.0,0.0,9.0,0.0,0.0,1.0
TOTAL:1996,60.0,0.0,61.0,17.0,101.0,415.0,0.0,10.0,166.0
Brevard1997,12.0,3.0,22.0,1.0,5.0,62.0,0.0,3.0,16.0
Broward1997,0.0,0.0,1.0,0.0,0.0,3.0,0.0,0.0,2.0
Charlotte1997,4.0,0.0,1.0,0.0,2.0,9.0,0.0,0.0,2.0
Citrus1997,1.0,1.0,2.0,0.0,0.0,5.0,0.0,0.0,1.0
Clay1997,0.0,0.0,1.0,1.0,0.0,2.0,0.0,0.0,0.0
Collier1997,4.0,0.0,2.0,0.0,11.0,21.0,0.0,0.0,4.0
Dixie1997,0.0,0.0,1.0,0.0,0.0,1.0,0.0,0.0,0.0
Duval1997,2.0,0.0,3.0,1.0,0.0,10.0,0.0,0.0,4.0
Flagler1997,0.0,0.0,2.0,0.0,0.0,2.0,0.0,0.0,0.0
Glades1997,2.0,0.0,0.0,0.0,0.0,3.0,0.0,0.0,1.0
Hillsborough1997,3.0,0.0,2.0,0.0,2.0,10.0,0.0,0.0,3.0
Indian River1997,1.0,0.0,3.0,0.0,3.0,7.0,0.0,0.0,0.0
Lake1997,0.0,0.0,1.0,0.0,0.0,1.0,0.0,0.0,0.0
Lee1997,9.0,0.0,7.0,1.0,14.0,43.0,0.0,0.0,12.0
Manatee1997,0.0,0.0,2.0,0.0,0.0,4.0,0.0,0.0,2.0
Martin1997,3.0,0.0,0.0,0.0,2.0,6.0,0.0,0.0,1.0
Miami-Dade1997,5.0,1.0,2.0,0.0,0.0,14.0,0.0,5.0,1.0
Monroe1997,0.0,0.0,0.0,0.0,0.0,5.0,0.0,0.0,5.0
Nassau1997,0.0,0.0,1.0,0.0,0.0,1.0,0.0,0.0,0.0
Palm Beach1997,1.0,2.0,1.0,0.0,2.0,6.0,0.0,0.0,0.0
Pasco1997,1.0,0.0,0.0,0.0,0.0,1.0,0.0,0.0,0.0
Pinellas1997,1.0,0.0,1.0,0.0,1.0,5.0,0.0,0.0,2.0
Putnam1997,1.0,0.0,0.0,0.0,0.0,1.0,0.0,0.0,0.0
Sarasota1997,2.0,0.0,1.0,0.0,0.0,3.0,0.0,0.0,0.0
Seminole1997,0.0,0.0,0.0,0.0,0.0,1.0,0.0,0.0,1.0
St. Johns1997,0.0,0.0,0.0,0.0,0.0,4.0,0.0,0.0,4.0
St. Lucie1997,0.0,1.0,0.0,0.0,0.0,2.0,0.0,0.0,1.0
Taylor1997,1.0,0.0,0.0,0.0,0.0,1.0,0.0,0.0,0.0
Volusia1997,1.0,0.0,5.0,0.0,0.0,9.0,0.0,0.0,3.0
TOTAL:1997,54.0,8.0,61.0,4.0,42.0,242.0,0.0,8.0,65.0
Brevard1998,9.0,2.0,14.0,4.0,1.0,47.0,0.0,0.0,17.0
Broward1998,2.0,0.0,2.0,0.0,0.0,7.0,0.0,1.0,2.0
Charlotte1998,3.0,0.0,4.0,0.0,0.0,10.0,0.0,0.0,3.0
Citrus1998,2.0,0.0,1.0,0.0,0.0,4.0,0.0,0.0,1.0
Clay1998,2.0,0.0,1.0,0.0,1.0,5.0,0.0,0.0,1.0
Collier1998,8.0,0.0,3.0,0.0,0.0,15.0,0.0,0.0,4.0
Dixie1998,1.0,0.0,0.0,0.0,0.0,1.0,0.0,0.0,0.0
Duval1998,3.0,0.0,3.0,2.0,0.0,13.0,0.0,0.0,5.0
Flagler1998,1.0,0.0,1.0,0.0,1.0,3.0,0.0,0.0,0.0
Franklin1998,0.0,0.0,0.0,0.0,0.0,1.0,0.0,0.0,1.0
Glades1998,1.0,0.0,1.0,0.0,0.0,4.0,0.0,2.0,0.0
Hernando1998,2.0,0.0,1.0,0.0,0.0,3.0,0.0,0.0,0.0
Hillsborough1998,1.0,0.0,2.0,0.0,1.0,7.0,0.0,0.0,3.0
Indian River1998,3.0,0.0,1.0,1.0,0.0,5.0,0.0,0.0,0.0
Lee1998,9.0,3.0,8.0,1.0,5.0,31.0,0.0,0.0,5.0
Manatee1998,3.0,0.0,1.0,0.0,0.0,7.0,0.0,0.0,3.0
Martin1998,1.0,0.0,2.0,0.0,1.0,8.0,0.0,2.0,2.0
Miami-Dade1998,2.0,1.0,0.0,0.0,0.0,9.0,0.0,3.0,3.0
Monroe1998,0.0,0.0,1.0,0.0,0.0,4.0,0.0,0.0,3.0
Nassau1998,1.0,0.0,0.0,0.0,1.0,5.0,0.0,0.0,3.0
Okeechobee1998,0.0,0.0,0.0,0.0,0.0,1.0,0.0,1.0,0.0
Palm Beach1998,2.0,0.0,1.0,0.0,1.0,5.0,0.0,0.0,1.0
Pasco1998,0.0,0.0,1.0,0.0,0.0,2.0,0.0,0.0,1.0
Pinellas1998,2.0,0.0,1.0,0.0,0.0,7.0,0.0,0.0,4.0
Putnam1998,0.0,0.0,0.0,0.0,0.0,2.0,0.0,0.0,2.0
Sarasota1998,0.0,0.0,2.0,0.0,1.0,4.0,0.0,0.0,1.0
St. Johns1998,0.0,0.0,0.0,0.0,0.0,4.0,0.0,0.0,4.0
St. Lucie1998,0.0,0.0,0.0,0.0,0.0,1.0,0.0,0.0,1.0
Taylor1998,0.0,0.0,0.0,0.0,0.0,1.0,0.0,0.0,1.0
Volusia1998,8.0,0.0,2.0,2.0,0.0,16.0,0.0,0.0,4.0
TOTAL:1998,66.0,6.0,53.0,10.0,13.0,232.0,0.0,9.0,75.0
Brevard1999,12.0,1.0,13.0,0.0,8.0,45.0,0.0,1.0,10.0
Broward1999,5.0,0.0,4.0,0.0,1.0,15.0,0.0,0.0,5.0
Charlotte1999,4.0,0.0,4.0,0.0,3.0,14.0,0.0,0.0,3.0
Citrus1999,3.0,0.0,2.0,0.0,1.0,6.0,0.0,0.0,0.0
Clay1999,0.0,0.0,1.0,1.0,0.0,2.0,0.0,0.0,0.0
Collier1999,10.0,0.0,2.0,0.0,1.0,19.0,0.0,0.0,6.0
Duval1999,2.0,0.0,1.0,1.0,1.0,9.0,0.0,0.0,4.0
Flagler1999,0.0,0.0,1.0,0.0,0.0,1.0,0.0,0.0,0.0
Gilchrist1999,0.0,0.0,1.0,0.0,0.0,1.0,0.0,0.0,0.0
Glades1999,4.0,0.0,0.0,0.0,0.0,7.0,0.0,0.0,3.0
Gulf1999,0.0,0.0,0.0,0.0,1.0,1.0,0.0,0.0,0.0
Hillsborough1999,4.0,0.0,2.0,0.0,0.0,7.0,0.0,0.0,1.0
Indian River1999,1.0,0.0,2.0,0.0,0.0,7.0,0.0,0.0,4.0
Lee1999,10.0,1.0,6.0,0.0,6.0,33.0,0.0,1.0,9.0
Levy1999,1.0,0.0,0.0,1.0,0.0,3.0,0.0,1.0,0.0
Manatee1999,3.0,0.0,5.0,0.0,1.0,10.0,0.0,0.0,1.0
Martin1999,2.0,0.0,1.0,0.0,2.0,9.0,0.0,4.0,0.0
Miami-Dade1999,1.0,3.0,0.0,0.0,2.0,12.0,0.0,5.0,1.0
Monroe1999,3.0,0.0,2.0,0.0,1.0,8.0,0.0,0.0,2.0
Nassau1999,0.0,0.0,0.0,0.0,0.0,1.0,0.0,0.0,1.0
Okeechobee1999,0.0,0.0,0.0,0.0,0.0,2.0,0.0,2.0,0.0
Palm Beach1999,2.0,2.0,1.0,0.0,1.0,7.0,0.0,0.0,1.0
Pasco1999,1.0,1.0,0.0,0.0,1.0,3.0,0.0,0.0,0.0
Pinellas1999,2.0,0.0,0.0,1.0,1.0,7.0,0.0,0.0,3.0
Putnam1999,0.0,0.0,0.0,0.0,0.0,3.0,0.0,1.0,2.0
Sarasota1999,5.0,0.0,2.0,0.0,4.0,14.0,0.0,0.0,3.0
Seminole1999,0.0,0.0,1.0,0.0,0.0,1.0,0.0,0.0,0.0
St. Johns1999,2.0,0.0,0.0,1.0,1.0,8.0,0.0,0.0,4.0
St. Lucie1999,0.0,0.0,1.0,0.0,0.0,2.0,0.0,0.0,1.0
Taylor1999,0.0,0.0,0.0,0.0,0.0,1.0,0.0,0.0,1.0
Volusia1999,5.0,0.0,2.0,0.0,1.0,11.0,0.0,0.0,3.0
TOTAL:1999,82.0,8.0,54.0,5.0,37.0,269.0,0.0,15.0,68.0
Brevard2000,13.0,1.0,16.0,0.0,6.0,49.0,0.0,0.0,13.0
Broward2000,2.0,0.0,1.0,0.0,0.0,4.0,0.0,0.0,1.0
Charlotte2000,5.0,0.0,2.0,0.0,2.0,11.0,0.0,0.0,2.0
Citrus2000,1.0,1.0,2.0,0.0,0.0,6.0,0.0,0.0,2.0
Clay2000,0.0,1.0,2.0,1.0,0.0,4.0,0.0,0.0,0.0
Collier2000,5.0,0.0,6.0,1.0,8.0,35.0,0.0,0.0,15.0
Dixie2000,2.0,0.0,0.0,0.0,1.0,5.0,0.0,0.0,2.0
Duval2000,4.0,0.0,2.0,2.0,0.0,11.0,0.0,0.0,3.0
Flagler2000,0.0,0.0,1.0,0.0,0.0,2.0,0.0,0.0,1.0
Glades2000,3.0,0.0,0.0,0.0,1.0,7.0,0.0,3.0,0.0
Hendry2000,1.0,0.0,0.0,0.0,0.0,1.0,0.0,0.0,0.0
Hillsborough2000,2.0,0.0,1.0,0.0,1.0,5.0,0.0,0.0,1.0
Indian River2000,4.0,0.0,2.0,1.0,1.0,10.0,0.0,0.0,2.0
Lake2000,1.0,0.0,0.0,0.0,0.0,1.0,0.0,0.0,0.0
Lee2000,13.0,1.0,8.0,1.0,11.0,44.0,0.0,0.0,10.0
Levy2000,1.0,1.0,0.0,0.0,0.0,3.0,0.0,0.0,1.0
Manatee2000,0.0,0.0,0.0,1.0,0.0,4.0,0.0,0.0,3.0
Martin2000,1.0,0.0,2.0,0.0,0.0,6.0,0.0,2.0,1.0
Miami-Dade2000,2.0,2.0,0.0,0.0,0.0,8.0,0.0,2.0,2.0
Monroe2000,3.0,0.0,0.0,0.0,2.0,6.0,0.0,0.0,1.0
Okeechobee2000,0.0,0.0,1.0,0.0,0.0,2.0,0.0,1.0,0.0
Palm Beach2000,3.0,0.0,2.0,2.0,1.0,9.0,0.0,0.0,1.0
Pasco2000,0.0,1.0,0.0,0.0,1.0,2.0,0.0,0.0,0.0
Pinellas2000,0.0,0.0,2.0,1.0,0.0,4.0,0.0,0.0,1.0
Santa Rosa2000,0.0,0.0,0.0,1.0,0.0,1.0,0.0,0.0,0.0
Sarasota2000,5.0,0.0,3.0,1.0,0.0,11.0,0.0,0.0,2.0
St. Johns2000,1.0,0.0,1.0,1.0,0.0,5.0,0.0,0.0,2.0
St. Lucie2000,1.0,0.0,0.0,0.0,0.0,2.0,0.0,0.0,1.0
Volusia2000,4.0,0.0,5.0,1.0,2.0,13.0,0.0,0.0,1.0
Wakulla2000,1.0,0.0,0.0,0.0,0.0,1.0,0.0,0.0,0.0
TOTAL:2000,78.0,8.0,59.0,14.0,37.0,272.0,0.0,8.0,68.0
Brevard2001,7.0,1.0,12.0,3.0,7.0,52.0,0.0,0.0,22.0
Broward2001,4.0,0.0,3.0,1.0,0.0,9.0,0.0,0.0,1.0
Charlotte2001,2.0,0.0,1.0,1.0,5.0,15.0,0.0,0.0,6.0
Citrus2001,1.0,0.0,6.0,0.0,0.0,9.0,0.0,0.0,2.0
Clay2001,1.0,0.0,0.0,1.0,0.0,3.0,0.0,0.0,1.0
Collier2001,8.0,0.0,0.0,13.0,1.0,31.0,0.0,0.0,9.0
DeSoto2001,0.0,1.0,0.0,0.0,1.0,3.0,0.0,0.0,1.0
Dixie2001,0.0,0.0,1.0,0.0,1.0,2.0,0.0,0.0,0.0
Duval2001,1.0,0.0,1.0,2.0,0.0,7.0,0.0,0.0,3.0
Escambia2001,0.0,0.0,0.0,1.0,0.0,1.0,0.0,0.0,0.0
Flagler2001,0.0,0.0,2.0,0.0,0.0,4.0,0.0,0.0,2.0
Franklin2001,0.0,0.0,0.0,0.0,0.0,1.0,0.0,0.0,1.0
Glades2001,0.0,1.0,0.0,0.0,0.0,3.0,0.0,1.0,1.0
Hendry2001,0.0,0.0,0.0,0.0,0.0,1.0,0.0,0.0,1.0
Hillsborough2001,4.0,2.0,4.0,0.0,0.0,15.0,0.0,0.0,5.0
Indian River2001,1.0,0.0,2.0,1.0,0.0,5.0,0.0,0.0,1.0
Lake2001,1.0,0.0,0.0,0.0,0.0,1.0,0.0,0.0,0.0
Lee2001,23.0,0.0,6.0,5.0,5.0,51.0,0.0,0.0,12.0
Levy2001,0.0,0.0,9.0,0.0,0.0,10.0,0.0,0.0,1.0
Manatee2001,1.0,0.0,1.0,1.0,1.0,7.0,0.0,0.0,3.0
Martin2001,1.0,0.0,2.0,0.0,2.0,7.0,0.0,0.0,2.0
Miami-Dade2001,5.0,2.0,2.0,0.0,0.0,11.0,0.0,0.0,2.0
Monroe2001,2.0,0.0,2.0,0.0,1.0,13.0,0.0,0.0,8.0
Palm Beach2001,3.0,0.0,0.0,0.0,2.0,8.0,0.0,0.0,3.0
Pasco2001,1.0,0.0,0.0,0.0,0.0,2.0,0.0,0.0,1.0
Pinellas2001,1.0,0.0,1.0,2.0,5.0,9.0,0.0,0.0,0.0
Putnam2001,0.0,0.0,0.0,0.0,0.0,3.0,0.0,0.0,3.0
Sarasota2001,2.0,0.0,0.0,0.0,3.0,5.0,0.0,0.0,0.0
St. Johns2001,0.0,0.0,0.0,0.0,0.0,5.0,0.0,0.0,5.0
St. Lucie2001,1.0,0.0,1.0,0.0,0.0,4.0,0.0,0.0,2.0
Taylor2001,0.0,0.0,0.0,0.0,0.0,1.0,0.0,0.0,1.0
Volusia2001,11.0,1.0,5.0,0.0,1.0,27.0,0.0,0.0,9.0
TOTAL:2001,81.0,8.0,61.0,31.0,35.0,325.0,0.0,1.0,108.0
Brevard2002,17.0,0.0,10.0,1.0,8.0,50.0,0.0,0.0,14.0
Broward2002,3.0,1.0,1.0,1.0,0.0,10.0,0.0,0.0,4.0
Charlotte2002,4.0,0.0,0.0,0.0,10.0,20.0,0.0,0.0,6.0
Citrus2002,3.0,1.0,4.0,0.0,1.0,9.0,0.0,0.0,0.0
Clay2002,0.0,0.0,1.0,0.0,0.0,1.0,0.0,0.0,0.0
Collier2002,6.0,0.0,2.0,0.0,2.0,13.0,0.0,0.0,3.0
Dixie2002,0.0,0.0,1.0,0.0,0.0,2.0,0.0,0.0,1.0
Duval2002,10.0,0.0,1.0,0.0,0.0,14.0,0.0,0.0,3.0
Flagler2002,1.0,0.0,2.0,0.0,0.0,3.0,0.0,0.0,0.0
Franklin2002,0.0,0.0,0.0,1.0,0.0,1.0,0.0,0.0,0.0
Glades2002,1.0,3.0,0.0,0.0,1.0,6.0,0.0,1.0,0.0
Gulf2002,0.0,0.0,0.0,1.0,0.0,2.0,0.0,0.0,1.0
Hillsborough2002,5.0,1.0,1.0,0.0,1.0,9.0,0.0,0.0,1.0
Indian River2002,2.0,0.0,1.0,0.0,3.0,7.0,0.0,0.0,1.0
Lee2002,13.0,2.0,9.0,5.0,16.0,58.0,0.0,0.0,13.0
Levy2002,0.0,0.0,3.0,0.0,0.0,3.0,0.0,0.0,0.0
Manatee2002,2.0,0.0,2.0,0.0,0.0,4.0,0.0,0.0,0.0
Martin2002,2.0,0.0,2.0,2.0,1.0,9.0,0.0,0.0,2.0
Miami-Dade2002,1.0,1.0,0.0,1.0,1.0,9.0,0.0,3.0,2.0
Monroe2002,5.0,0.0,0.0,0.0,1.0,7.0,0.0,0.0,1.0
Okaloosa2002,0.0,0.0,0.0,0.0,0.0,1.0,0.0,0.0,1.0
Palm Beach2002,6.0,0.0,3.0,1.0,1.0,14.0,0.0,1.0,2.0
Pinellas2002,2.0,0.0,3.0,1.0,2.0,8.0,0.0,0.0,0.0
Putnam2002,0.0,0.0,0.0,1.0,0.0,3.0,0.0,0.0,2.0
Sarasota2002,4.0,0.0,1.0,0.0,8.0,15.0,0.0,0.0,2.0
St. Johns2002,3.0,0.0,0.0,1.0,1.0,7.0,0.0,0.0,2.0
St. Lucie2002,1.0,0.0,1.0,0.0,2.0,4.0,0.0,0.0,0.0
Taylor2002,1.0,0.0,0.0,0.0,0.0,2.0,0.0,0.0,1.0
Volusia2002,3.0,0.0,4.0,1.0,0.0,13.0,0.0,0.0,5.0
Wakulla2002,0.0,0.0,1.0,0.0,0.0,1.0,0.0,0.0,0.0
TOTAL:2002,95.0,9.0,53.0,17.0,59.0,305.0,0.0,5.0,67.0
Brevard2003,8.0,0.0,16.0,3.0,1.0,42.0,0.0,0.0,14.0
Broward2003,5.0,1.0,1.0,0.0,0.0,8.0,0.0,0.0,1.0
Charlotte2003,3.0,0.0,3.0,3.0,19.0,30.0,0.0,0.0,2.0
Citrus2003,3.0,0.0,2.0,2.0,1.0,10.0,0.0,0.0,2.0
Clay2003,1.0,0.0,1.0,1.0,0.0,4.0,0.0,0.0,1.0
Collier2003,7.0,0.0,6.0,5.0,14.0,37.0,0.0,0.0,5.0
Dixie2003,0.0,0.0,1.0,0.0,0.0,1.0,0.0,0.0,0.0
Duval2003,4.0,0.0,4.0,3.0,2.0,19.0,0.0,0.0,6.0
Flagler2003,2.0,0.0,6.0,0.0,0.0,8.0,0.0,0.0,0.0
Franklin2003,0.0,0.0,0.0,1.0,0.0,2.0,0.0,0.0,1.0
Glades2003,1.0,1.0,0.0,0.0,0.0,4.0,0.0,1.0,1.0
Gulf2003,0.0,0.0,0.0,1.0,0.0,2.0,0.0,0.0,1.0
Hendry2003,0.0,0.0,0.0,0.0,0.0,2.0,0.0,0.0,2.0
Hernando2003,0.0,0.0,0.0,0.0,1.0,1.0,0.0,0.0,0.0
Hillsborough2003,5.0,1.0,2.0,1.0,0.0,13.0,0.0,0.0,4.0
Indian River2003,1.0,0.0,1.0,1.0,1.0,6.0,0.0,0.0,2.0
Lake2003,0.0,0.0,0.0,0.0,0.0,1.0,0.0,0.0,1.0
Lee2003,9.0,0.0,10.0,8.0,45.0,81.0,0.0,0.0,9.0
Levy2003,0.0,0.0,0.0,0.0,0.0,1.0,0.0,0.0,1.0
Manatee2003,3.0,0.0,1.0,2.0,0.0,8.0,0.0,0.0,2.0
Martin2003,1.0,0.0,1.0,3.0,0.0,6.0,0.0,0.0,1.0
Miami-Dade2003,2.0,1.0,1.0,0.0,0.0,9.0,0.0,1.0,4.0
Monroe2003,2.0,0.0,0.0,2.0,2.0,12.0,0.0,0.0,6.0
Okeechobee2003,0.0,1.0,0.0,0.0,0.0,1.0,0.0,0.0,0.0
Palm Beach2003,5.0,0.0,2.0,2.0,0.0,12.0,0.0,0.0,3.0
Pasco2003,3.0,0.0,1.0,1.0,0.0,5.0,0.0,0.0,0.0
Pinellas2003,4.0,1.0,0.0,1.0,3.0,9.0,0.0,0.0,0.0
Putnam2003,1.0,0.0,0.0,1.0,0.0,5.0,0.0,1.0,2.0
Sarasota2003,1.0,0.0,3.0,4.0,13.0,22.0,0.0,0.0,1.0
St. Johns2003,0.0,0.0,2.0,1.0,0.0,5.0,0.0,0.0,2.0
Volusia2003,2.0,1.0,7.0,1.0,0.0,14.0,0.0,0.0,3.0
TOTAL:2003,73.0,7.0,71.0,47.0,102.0,380.0,0.0,3.0,77.0
Bay2004,0.0,0.0,0.0,1.0,0.0,1.0,0.0,0.0,0.0
Brevard2004,11.0,2.0,28.0,7.0,3.0,65.0,0.0,0.0,14.0
Broward2004,1.0,0.0,1.0,1.0,0.0,6.0,0.0,1.0,2.0
Charlotte2004,4.0,0.0,0.0,0.0,1.0,6.0,0.0,0.0,1.0
Citrus2004,1.0,0.0,1.0,2.0,1.0,7.0,0.0,0.0,2.0
Clay2004,1.0,0.0,1.0,0.0,0.0,2.0,0.0,0.0,0.0
Collier2004,5.0,0.0,4.0,6.0,2.0,23.0,0.0,0.0,6.0
Dixie2004,0.0,0.0,0.0,1.0,0.0,1.0,0.0,0.0,0.0
Duval2004,5.0,0.0,4.0,1.0,0.0,15.0,0.0,0.0,5.0
Flagler2004,1.0,0.0,2.0,1.0,0.0,4.0,0.0,0.0,0.0
Glades2004,1.0,0.0,0.0,0.0,0.0,3.0,0.0,1.0,1.0
Gulf2004,0.0,0.0,0.0,1.0,0.0,1.0,0.0,0.0,0.0
Hendry2004,0.0,0.0,0.0,1.0,0.0,1.0,0.0,0.0,0.0
Hernando2004,1.0,0.0,0.0,0.0,0.0,1.0,0.0,0.0,0.0
Hillsborough2004,1.0,0.0,1.0,0.0,1.0,4.0,0.0,0.0,1.0
Indian River2004,1.0,1.0,2.0,0.0,1.0,6.0,0.0,0.0,1.0
Lake2004,0.0,0.0,1.0,0.0,0.0,1.0,0.0,0.0,0.0
Lee2004,13.0,0.0,9.0,11.0,7.0,51.0,0.0,0.0,11.0
Levy2004,0.0,0.0,1.0,0.0,0.0,1.0,0.0,0.0,0.0
Manatee2004,3.0,0.0,2.0,4.0,2.0,11.0,0.0,0.0,0.0
Martin2004,1.0,0.0,4.0,0.0,0.0,5.0,0.0,0.0,0.0
Miami-Dade2004,2.0,1.0,0.0,1.0,0.0,7.0,0.0,1.0,2.0
Monroe2004,1.0,0.0,0.0,1.0,1.0,7.0,0.0,0.0,4.0
Okeechobee2004,0.0,0.0,0.0,1.0,0.0,1.0,0.0,0.0,0.0
Palm Beach2004,3.0,1.0,0.0,2.0,1.0,9.0,0.0,0.0,2.0
Pasco2004,1.0,0.0,0.0,0.0,0.0,1.0,0.0,0.0,0.0
Pinellas2004,4.0,0.0,0.0,0.0,1.0,5.0,0.0,0.0,0.0
Putnam2004,0.0,0.0,0.0,2.0,0.0,2.0,0.0,0.0,0.0
Sarasota2004,2.0,0.0,3.0,0.0,0.0,7.0,0.0,0.0,2.0
Seminole2004,1.0,0.0,0.0,0.0,0.0,1.0,0.0,0.0,0.0
St. Johns2004,1.0,0.0,0.0,2.0,1.0,5.0,0.0,0.0,1.0
St. Lucie2004,0.0,0.0,0.0,1.0,0.0,1.0,0.0,0.0,0.0
Volusia2004,3.0,0.0,7.0,2.0,0.0,13.0,0.0,0.0,1.0
Wakulla2004,1.0,0.0,0.0,0.0,0.0,1.0,0.0,0.0,0.0
Walton2004,0.0,0.0,0.0,1.0,0.0,1.0,0.0,0.0,0.0
TOTAL:2004,69.0,5.0,71.0,50.0,22.0,276.0,0.0,3.0,56.0
Bay2005,0.0,0.0,0.0,0.0,0.0,1.0,0.0,0.0,1.0
Brevard2005,6.0,2.0,26.0,6.0,6.0,57.0,0.0,0.0,11.0
Broward2005,2.0,0.0,1.0,1.0,1.0,9.0,0.0,0.0,4.0
Charlotte2005,2.0,0.0,2.0,0.0,13.0,22.0,0.0,0.0,5.0
Citrus2005,6.0,0.0,9.0,0.0,0.0,18.0,0.0,0.0,3.0
Clay2005,0.0,0.0,0.0,0.0,0.0,1.0,0.0,0.0,1.0
Collier2005,4.0,0.0,8.0,11.0,1.0,34.0,0.0,0.0,10.0
Dixie2005,1.0,0.0,0.0,0.0,0.0,2.0,0.0,0.0,1.0
Duval2005,4.0,0.0,2.0,2.0,0.0,14.0,0.0,0.0,6.0
Flagler2005,0.0,0.0,1.0,0.0,0.0,2.0,0.0,0.0,1.0
Glades2005,1.0,0.0,0.0,0.0,1.0,9.0,0.0,3.0,4.0
Hendry2005,0.0,0.0,0.0,0.0,0.0,1.0,0.0,0.0,1.0
Hernando2005,1.0,0.0,0.0,0.0,1.0,2.0,0.0,0.0,0.0
Hillsborough2005,5.0,2.0,4.0,0.0,1.0,15.0,0.0,0.0,3.0
Indian River2005,5.0,1.0,4.0,1.0,2.0,16.0,0.0,0.0,3.0
Lee2005,12.0,0.0,10.0,4.0,29.0,75.0,0.0,2.0,18.0
Levy2005,1.0,0.0,0.0,0.0,0.0,1.0,0.0,0.0,0.0
Manatee2005,2.0,0.0,1.0,1.0,5.0,11.0,0.0,0.0,2.0
Martin2005,0.0,0.0,3.0,2.0,1.0,9.0,0.0,1.0,2.0
Miami-Dade2005,1.0,2.0,1.0,0.0,0.0,5.0,0.0,0.0,1.0
Monroe2005,3.0,0.0,2.0,0.0,1.0,9.0,0.0,0.0,3.0
Okeechobee2005,0.0,0.0,1.0,0.0,0.0,1.0,0.0,0.0,0.0
Palm Beach2005,6.0,0.0,1.0,1.0,0.0,8.0,0.0,0.0,0.0
Pasco2005,1.0,1.0,1.0,0.0,2.0,5.0,0.0,0.0,0.0
Pinellas2005,5.0,0.0,1.0,0.0,5.0,14.0,0.0,0.0,3.0
Sarasota2005,2.0,0.0,1.0,0.0,17.0,20.0,0.0,0.0,0.0
St. Johns2005,0.0,0.0,0.0,0.0,0.0,3.0,0.0,0.0,3.0
St. Lucie2005,1.0,0.0,0.0,1.0,0.0,8.0,0.0,0.0,6.0
Taylor2005,0.0,0.0,1.0,0.0,0.0,1.0,0.0,0.0,0.0
Volusia2005,8.0,0.0,8.0,1.0,2.0,22.0,0.0,0.0,3.0
Wakulla2005,0.0,0.0,1.0,0.0,0.0,1.0,0.0,0.0,0.0
TOTAL:2005,79.0,8.0,89.0,31.0,88.0,396.0,0.0,6.0,95.0
Brevard2006,22.0,2.0,23.0,4.0,14.0,87.0,0.0,0.0,22.0
Broward2006,6.0,1.0,1.0,1.0,2.0,15.0,0.0,0.0,4.0
Charlotte2006,1.0,0.0,2.0,0.0,1.0,10.0,0.0,0.0,6.0
Citrus2006,2.0,1.0,2.0,1.0,1.0,10.0,0.0,0.0,3.0
Clay2006,0.0,0.0,0.0,2.0,0.0,3.0,0.0,0.0,1.0
Collier2006,1.0,0.0,1.0,2.0,5.0,15.0,0.0,0.0,6.0
Duval2006,8.0,0.0,1.0,1.0,1.0,13.0,0.0,0.0,2.0
Flagler2006,2.0,0.0,1.0,0.0,0.0,4.0,0.0,0.0,1.0
Glades2006,0.0,0.0,0.0,0.0,0.0,2.0,0.0,2.0,0.0
Gulf2006,0.0,0.0,0.0,0.0,1.0,1.0,0.0,0.0,0.0
Hendry2006,0.0,0.0,0.0,0.0,0.0,1.0,0.0,0.0,1.0
Hernando2006,0.0,0.0,0.0,0.0,0.0,1.0,0.0,0.0,1.0
Hillsborough2006,5.0,0.0,4.0,2.0,3.0,16.0,0.0,0.0,2.0
Indian River2006,2.0,0.0,0.0,0.0,0.0,6.0,0.0,0.0,4.0
Lake2006,0.0,0.0,0.0,0.0,0.0,1.0,0.0,0.0,1.0
Lee2006,21.0,0.0,6.0,4.0,22.0,82.0,0.0,0.0,29.0
Levy2006,0.0,0.0,0.0,0.0,0.0,2.0,0.0,0.0,2.0
Manatee2006,3.0,0.0,1.0,1.0,4.0,10.0,0.0,0.0,1.0
Martin2006,5.0,0.0,5.0,0.0,1.0,17.0,0.0,1.0,5.0
Miami-Dade2006,1.0,0.0,1.0,0.0,3.0,7.0,0.0,0.0,2.0
Monroe2006,2.0,1.0,1.0,0.0,9.0,43.0,0.0,0.0,30.0
Okaloosa2006,0.0,0.0,0.0,0.0,0.0,1.0,0.0,0.0,1.0
Palm Beach2006,0.0,0.0,1.0,1.0,1.0,7.0,0.0,0.0,4.0
Pasco2006,0.0,0.0,0.0,0.0,0.0,1.0,0.0,0.0,1.0
Pinellas2006,1.0,0.0,3.0,0.0,2.0,9.0,0.0,0.0,3.0
Putnam2006,0.0,0.0,1.0,1.0,0.0,2.0,0.0,0.0,0.0
Sarasota2006,6.0,0.0,4.0,1.0,5.0,20.0,0.0,0.0,4.0
St. Johns2006,0.0,0.0,1.0,1.0,0.0,3.0,0.0,0.0,1.0
St. Lucie2006,0.0,0.0,2.0,0.0,0.0,5.0,0.0,0.0,3.0
Taylor2006,1.0,0.0,0.0,0.0,0.0,1.0,0.0,0.0,0.0
Volusia2006,3.0,1.0,9.0,0.0,5.0,22.0,0.0,0.0,4.0
TOTAL:2006,92.0,6.0,70.0,22.0,80.0,417.0,0.0,3.0,144.0
Bay2007,0.0,0.0,0.0,1.0,0.0,1.0,0.0,0.0,0.0
Brevard2007,10.0,1.0,21.0,3.0,17.0,57.0,0.0,0.0,5.0
Broward2007,1.0,1.0,0.0,0.0,0.0,4.0,0.0,0.0,2.0
Charlotte2007,3.0,0.0,2.0,0.0,1.0,8.0,0.0,0.0,2.0
Citrus2007,5.0,0.0,3.0,0.0,2.0,12.0,0.0,0.0,2.0
Clay2007,1.0,0.0,0.0,1.0,0.0,2.0,0.0,0.0,0.0
Collier2007,6.0,1.0,2.0,0.0,2.0,16.0,0.0,0.0,5.0
Dixie2007,1.0,0.0,0.0,0.0,0.0,2.0,0.0,0.0,1.0
Duval2007,2.0,0.0,0.0,3.0,0.0,8.0,0.0,0.0,3.0
Flagler2007,2.0,0.0,2.0,1.0,0.0,7.0,0.0,0.0,2.0
Franklin2007,0.0,0.0,0.0,0.0,0.0,1.0,0.0,0.0,1.0
Gilchrist2007,0.0,0.0,0.0,0.0,0.0,1.0,0.0,0.0,1.0
Glades2007,1.0,0.0,0.0,0.0,0.0,8.0,0.0,2.0,5.0
Hernando2007,0.0,0.0,1.0,0.0,0.0,1.0,0.0,0.0,0.0
Hillsborough2007,3.0,0.0,1.0,0.0,0.0,4.0,0.0,0.0,0.0
Indian River2007,0.0,0.0,3.0,0.0,1.0,7.0,0.0,0.0,3.0
Lee2007,14.0,0.0,5.0,4.0,45.0,91.0,0.0,0.0,23.0
Manatee2007,2.0,0.0,1.0,0.0,0.0,4.0,0.0,0.0,1.0
Martin2007,2.0,0.0,1.0,1.0,1.0,7.0,0.0,0.0,2.0
Miami-Dade2007,4.0,2.0,1.0,0.0,4.0,13.0,0.0,0.0,2.0
Monroe2007,3.0,0.0,1.0,0.0,2.0,10.0,0.0,0.0,4.0
Nassau2007,0.0,0.0,0.0,0.0,0.0,2.0,0.0,0.0,2.0
Palm Beach2007,0.0,0.0,0.0,1.0,1.0,3.0,0.0,0.0,1.0
Pasco2007,1.0,0.0,1.0,0.0,0.0,2.0,0.0,0.0,0.0
Pinellas2007,3.0,0.0,2.0,1.0,0.0,8.0,0.0,0.0,2.0
Putnam2007,0.0,0.0,0.0,0.0,0.0,1.0,0.0,0.0,1.0
Sarasota2007,0.0,0.0,2.0,2.0,1.0,5.0,0.0,0.0,0.0
St. Johns2007,0.0,0.0,0.0,0.0,1.0,3.0,0.0,0.0,2.0
St. Lucie2007,1.0,0.0,1.0,0.0,0.0,2.0,0.0,0.0,0.0
Taylor2007,0.0,0.0,0.0,0.0,0.0,1.0,0.0,0.0,1.0
Volusia2007,8.0,0.0,9.0,0.0,4.0,26.0,0.0,0.0,5.0
TOTAL:2007,73.0,5.0,59.0,18.0,82.0,317.0,0.0,2.0,78.0
Brevard2008,10.0,0.0,33.0,9.0,7.0,72.0,0.0,0.0,13.0
Broward2008,3.0,0.0,3.0,1.0,0.0,10.0,0.0,0.0,3.0
Charlotte2008,3.0,0.0,5.0,0.0,2.0,10.0,0.0,0.0,0.0
Citrus2008,8.0,0.0,6.0,0.0,5.0,22.0,0.0,0.0,3.0
Clay2008,0.0,0.0,3.0,1.0,1.0,7.0,0.0,0.0,2.0
Collier2008,6.0,0.0,3.0,1.0,2.0,17.0,0.0,0.0,5.0
Dixie2008,0.0,0.0,1.0,0.0,0.0,1.0,0.0,0.0,0.0
Duval2008,11.0,0.0,0.0,2.0,0.0,14.0,0.0,0.0,1.0
Escambia2008,0.0,0.0,0.0,1.0,0.0,1.0,0.0,0.0,0.0
Flagler2008,1.0,0.0,2.0,0.0,1.0,6.0,0.0,0.0,2.0
Franklin2008,0.0,0.0,0.0,1.0,0.0,1.0,0.0,0.0,0.0
Glades2008,0.0,0.0,0.0,0.0,0.0,2.0,0.0,1.0,1.0
Hillsborough2008,1.0,1.0,6.0,1.0,0.0,12.0,0.0,0.0,3.0
Indian River2008,2.0,0.0,7.0,0.0,0.0,12.0,0.0,0.0,3.0
Lake2008,1.0,0.0,0.0,0.0,0.0,1.0,0.0,0.0,0.0
Lee2008,14.0,1.0,7.0,5.0,4.0,45.0,0.0,0.0,14.0
Levy2008,0.0,0.0,1.0,0.0,0.0,4.0,0.0,0.0,3.0
Manatee2008,1.0,1.0,2.0,0.0,1.0,7.0,0.0,0.0,2.0
Martin2008,1.0,0.0,1.0,0.0,1.0,4.0,0.0,1.0,0.0
Miami-Dade2008,2.0,1.0,0.0,0.0,1.0,9.0,0.0,1.0,4.0
Monroe2008,2.0,0.0,0.0,0.0,2.0,7.0,0.0,0.0,3.0
Okeechobee2008,0.0,1.0,0.0,0.0,0.0,1.0,0.0,0.0,0.0
Palm Beach2008,6.0,0.0,0.0,2.0,0.0,8.0,0.0,0.0,0.0
Pasco2008,0.0,0.0,1.0,0.0,0.0,1.0,0.0,0.0,0.0
Pinellas2008,7.0,0.0,3.0,0.0,1.0,14.0,0.0,0.0,3.0
Putnam2008,0.0,0.0,0.0,1.0,1.0,5.0,0.0,0.0,3.0
Sarasota2008,2.0,0.0,3.0,0.0,1.0,8.0,0.0,0.0,2.0
Seminole2008,0.0,0.0,1.0,0.0,0.0,1.0,0.0,0.0,0.0
St. Johns2008,0.0,0.0,0.0,1.0,0.0,3.0,0.0,0.0,2.0
St. Lucie2008,2.0,0.0,1.0,0.0,3.0,6.0,0.0,0.0,0.0
Volusia2008,7.0,1.0,12.0,1.0,1.0,26.0,0.0,0.0,4.0
TOTAL:2008,90.0,6.0,101.0,27.0,34.0,337.0,0.0,3.0,76.0
Brevard2009,7.0,2.0,48.0,13.0,9.0,107.0,0.0,2.0,26.0
Broward2009,3.0,1.0,0.0,4.0,3.0,15.0,0.0,0.0,4.0
Charlotte2009,2.0,0.0,2.0,2.0,2.0,11.0,0.0,0.0,3.0
Citrus2009,2.0,0.0,2.0,0.0,2.0,6.0,0.0,0.0,0.0
Clay2009,1.0,0.0,0.0,0.0,0.0,2.0,0.0,0.0,1.0
Collier2009,5.0,0.0,4.0,7.0,2.0,27.0,0.0,0.0,9.0
DeSoto2009,0.0,0.0,1.0,0.0,0.0,1.0,0.0,0.0,0.0
Duval2009,8.0,0.0,3.0,1.0,0.0,14.0,0.0,0.0,2.0
Flagler2009,1.0,0.0,2.0,2.0,1.0,6.0,0.0,0.0,0.0
Glades2009,1.0,0.0,0.0,0.0,0.0,3.0,0.0,2.0,0.0
Hendry2009,0.0,0.0,0.0,0.0,0.0,1.0,0.0,0.0,1.0
Hernando2009,0.0,0.0,0.0,0.0,1.0,1.0,0.0,0.0,0.0
Hillsborough2009,7.0,0.0,2.0,0.0,2.0,13.0,0.0,0.0,2.0
Indian River2009,2.0,0.0,5.0,3.0,2.0,18.0,0.0,0.0,6.0
Lake2009,0.0,0.0,0.0,0.0,1.0,1.0,0.0,0.0,0.0
Lee2009,19.0,1.0,11.0,5.0,5.0,60.0,0.0,1.0,18.0
Levy2009,0.0,0.0,2.0,1.0,0.0,3.0,0.0,0.0,0.0
Manatee2009,5.0,1.0,1.0,2.0,0.0,10.0,0.0,0.0,1.0
Martin2009,6.0,0.0,3.0,3.0,1.0,15.0,0.0,0.0,2.0
Miami-Dade2009,2.0,0.0,2.0,0.0,0.0,9.0,0.0,0.0,5.0
Monroe2009,3.0,0.0,2.0,0.0,1.0,10.0,0.0,0.0,4.0
Nassau2009,0.0,0.0,1.0,0.0,0.0,2.0,0.0,0.0,1.0
Okeechobee2009,0.0,0.0,0.0,0.0,0.0,3.0,0.0,0.0,3.0
Palm Beach2009,4.0,1.0,1.0,3.0,1.0,16.0,0.0,0.0,6.0
Pinellas2009,6.0,0.0,2.0,1.0,3.0,12.0,0.0,0.0,0.0
Sarasota2009,4.0,0.0,7.0,0.0,1.0,17.0,0.0,0.0,5.0
Seminole2009,1.0,0.0,0.0,0.0,0.0,1.0,0.0,0.0,0.0
St. Johns2009,3.0,0.0,0.0,1.0,0.0,4.0,0.0,0.0,0.0
St. Lucie2009,0.0,0.0,1.0,2.0,0.0,9.0,0.0,0.0,6.0
Volusia2009,4.0,1.0,12.0,6.0,0.0,31.0,0.0,0.0,8.0
Wakulla2009,1.0,0.0,0.0,0.0,0.0,1.0,0.0,0.0,0.0
TOTAL:2009,97.0,7.0,114.0,56.0,37.0,429.0,0.0,5.0,113.0
Brevard2010,13.0,0.0,32.0,90.0,3.0,184.0,0.0,1.0,45.0
Broward2010,4.0,0.0,4.0,9.0,1.0,27.0,0.0,0.0,9.0
Charlotte2010,6.0,0.0,4.0,5.0,0.0,22.0,0.0,0.0,7.0
Citrus2010,2.0,0.0,3.0,2.0,0.0,14.0,0.0,0.0,7.0
Clay2010,1.0,0.0,0.0,2.0,0.0,4.0,0.0,0.0,1.0
Collier2010,7.0,0.0,3.0,18.0,1.0,39.0,0.0,0.0,10.0
DeSoto2010,0.0,0.0,0.0,2.0,0.0,2.0,0.0,0.0,0.0
Duval2010,2.0,2.0,1.0,1.0,0.0,9.0,0.0,0.0,3.0
Flagler2010,0.0,0.0,1.0,1.0,0.0,2.0,0.0,0.0,0.0
Franklin2010,1.0,0.0,0.0,0.0,0.0,1.0,0.0,0.0,0.0
Glades2010,0.0,0.0,1.0,1.0,0.0,5.0,0.0,0.0,3.0
Hendry2010,0.0,0.0,0.0,2.0,0.0,2.0,0.0,0.0,0.0
Hernando2010,0.0,0.0,1.0,1.0,0.0,2.0,0.0,0.0,0.0
Hillsborough2010,3.0,0.0,3.0,6.0,3.0,23.0,0.0,0.0,8.0
Indian River2010,4.0,0.0,11.0,29.0,0.0,55.0,0.0,0.0,11.0
Lee2010,12.0,2.0,11.0,30.0,7.0,78.0,0.0,0.0,16.0
Levy2010,0.0,0.0,1.0,0.0,0.0,4.0,0.0,0.0,3.0
Manatee2010,4.0,0.0,0.0,7.0,0.0,15.0,0.0,0.0,4.0
Marion2010,0.0,0.0,0.0,0.0,1.0,1.0,0.0,0.0,0.0
Martin2010,3.0,1.0,3.0,7.0,1.0,17.0,0.0,0.0,2.0
Miami-Dade2010,3.0,0.0,1.0,0.0,2.0,22.0,0.0,0.0,16.0
Monroe2010,1.0,0.0,2.0,17.0,0.0,118.0,0.0,0.0,98.0
Okeechobee2010,1.0,0.0,0.0,1.0,0.0,2.0,0.0,0.0,0.0
Palm Beach2010,2.0,0.0,2.0,6.0,1.0,18.0,0.0,0.0,7.0
Pasco2010,0.0,0.0,1.0,1.0,0.0,2.0,0.0,0.0,0.0
Pinellas2010,2.0,0.0,2.0,2.0,1.0,10.0,0.0,0.0,3.0
Putnam2010,0.0,0.0,0.0,7.0,0.0,10.0,0.0,0.0,3.0
Sarasota2010,4.0,0.0,0.0,4.0,1.0,14.0,0.0,0.0,5.0
St. Johns2010,0.0,0.0,1.0,5.0,1.0,9.0,0.0,0.0,2.0
St. Lucie2010,2.0,0.0,4.0,16.0,0.0,26.0,0.0,0.0,4.0
Volusia2010,6.0,0.0,5.0,10.0,0.0,27.0,0.0,0.0,6.0
Wakulla2010,0.0,0.0,0.0,0.0,0.0,1.0,0.0,0.0,1.0
Walton2010,0.0,0.0,0.0,0.0,0.0,1.0,0.0,0.0,1.0
TOTAL:2010,83.0,5.0,97.0,282.0,23.0,766.0,0.0,1.0,275.0
Brevard2011,7.0,0.0,28.0,28.0,2.0,99.0,0.0,1.0,33.0
Broward2011,2.0,1.0,3.0,0.0,0.0,12.0,0.0,0.0,6.0
Charlotte2011,2.0,0.0,1.0,3.0,0.0,11.0,0.0,0.0,5.0
Citrus2011,5.0,0.0,2.0,3.0,3.0,14.0,0.0,0.0,1.0
Clay2011,1.0,0.0,0.0,0.0,0.0,1.0,0.0,0.0,0.0
Collier2011,5.0,1.0,2.0,10.0,2.0,28.0,0.0,0.0,8.0
DeSoto2011,0.0,0.0,0.0,0.0,0.0,1.0,0.0,0.0,1.0
Duval2011,6.0,0.0,4.0,3.0,0.0,15.0,0.0,0.0,2.0
Escambia2011,0.0,0.0,0.0,2.0,0.0,2.0,0.0,0.0,0.0
Franklin2011,1.0,0.0,0.0,0.0,0.0,1.0,0.0,0.0,0.0
Glades2011,3.0,0.0,0.0,2.0,0.0,7.0,0.0,1.0,1.0
Hendry2011,0.0,0.0,0.0,1.0,0.0,1.0,0.0,0.0,0.0
Hillsborough2011,4.0,0.0,2.0,1.0,3.0,13.0,0.0,0.0,3.0
Indian River2011,2.0,0.0,2.0,15.0,2.0,27.0,0.0,0.0,6.0
Lake2011,1.0,0.0,2.0,0.0,0.0,4.0,0.0,0.0,1.0
Lee2011,14.0,0.0,8.0,9.0,21.0,71.0,0.0,0.0,19.0
Levy2011,0.0,0.0,0.0,0.0,0.0,2.0,0.0,0.0,2.0
Manatee2011,1.0,0.0,0.0,2.0,0.0,6.0,0.0,0.0,3.0
Martin2011,2.0,0.0,3.0,1.0,0.0,11.0,0.0,0.0,5.0
Miami-Dade2011,2.0,2.0,0.0,4.0,2.0,16.0,0.0,0.0,6.0
Monroe2011,5.0,0.0,1.0,1.0,0.0,10.0,0.0,0.0,3.0
Nassau2011,1.0,0.0,0.0,0.0,0.0,2.0,0.0,0.0,1.0
Okeechobee2011,0.0,0.0,0.0,0.0,0.0,2.0,0.0,0.0,2.0
Palm Beach2011,3.0,0.0,0.0,4.0,0.0,11.0,0.0,0.0,4.0
Pasco2011,3.0,0.0,0.0,1.0,0.0,6.0,0.0,0.0,2.0
Pinellas2011,6.0,0.0,3.0,1.0,1.0,12.0,0.0,0.0,1.0
Putnam2011,1.0,0.0,0.0,2.0,1.0,6.0,0.0,0.0,2.0
Sarasota2011,1.0,0.0,1.0,2.0,0.0,6.0,0.0,0.0,2.0
St. Johns2011,1.0,0.0,0.0,1.0,0.0,3.0,0.0,0.0,1.0
St. Lucie2011,3.0,0.0,2.0,8.0,0.0,15.0,0.0,0.0,2.0
Taylor2011,0.0,0.0,0.0,1.0,0.0,1.0,0.0,0.0,0.0
Volusia2011,6.0,0.0,13.0,9.0,2.0,34.0,0.0,0.0,4.0
Wakulla2011,0.0,0.0,1.0,0.0,1.0,2.0,0.0,0.0,0.0
Walton2011,0.0,0.0,0.0,0.0,0.0,1.0,0.0,0.0,1.0
TOTAL:2011,88.0,4.0,78.0,114.0,40.0,453.0,0.0,2.0,127.0
Bay2012,0.0,0.0,0.0,1.0,0.0,1.0,0.0,0.0,0.0
Brevard2012,10.0,2.0,18.0,7.0,2.0,91.0,0.0,1.0,51.0
Broward2012,3.0,0.0,3.0,1.0,1.0,15.0,0.0,1.0,6.0
Charlotte2012,4.0,0.0,3.0,0.0,1.0,10.0,0.0,0.0,2.0
Citrus2012,2.0,2.0,4.0,0.0,7.0,16.0,0.0,0.0,1.0
Clay2012,0.0,0.0,1.0,2.0,0.0,5.0,0.0,0.0,2.0
Collier2012,3.0,0.0,0.0,0.0,5.0,10.0,0.0,0.0,2.0
DeSoto2012,0.0,0.0,0.0,0.0,0.0,1.0,0.0,0.0,1.0
Dixie2012,0.0,0.0,1.0,0.0,0.0,1.0,0.0,0.0,0.0
Duval2012,4.0,0.0,2.0,6.0,0.0,13.0,0.0,0.0,1.0
Flagler2012,1.0,0.0,2.0,1.0,0.0,5.0,0.0,0.0,1.0
Franklin2012,0.0,0.0,0.0,0.0,0.0,1.0,0.0,0.0,1.0
Gilchrist2012,1.0,0.0,0.0,0.0,0.0,1.0,0.0,0.0,0.0
Glades2012,2.0,0.0,1.0,0.0,0.0,11.0,0.0,6.0,2.0
Hendry2012,0.0,0.0,0.0,0.0,1.0,1.0,0.0,0.0,0.0
Hernando2012,2.0,0.0,0.0,0.0,0.0,3.0,0.0,0.0,1.0
Hillsborough2012,4.0,0.0,2.0,0.0,3.0,13.0,0.0,0.0,4.0
Indian River2012,4.0,0.0,0.0,0.0,0.0,7.0,0.0,0.0,3.0
Lee2012,19.0,0.0,13.0,3.0,27.0,81.0,0.0,1.0,18.0
Levy2012,1.0,0.0,0.0,1.0,3.0,5.0,0.0,0.0,0.0
Manatee2012,2.0,0.0,3.0,0.0,0.0,6.0,0.0,0.0,1.0
Marion2012,0.0,0.0,0.0,0.0,0.0,1.0,0.0,0.0,1.0
Martin2012,3.0,0.0,0.0,0.0,0.0,6.0,0.0,1.0,2.0
Miami-Dade2012,1.0,0.0,1.0,0.0,0.0,4.0,0.0,1.0,1.0
Monroe2012,0.0,0.0,0.0,1.0,1.0,3.0,0.0,0.0,1.0
Okeechobee2012,0.0,0.0,0.0,0.0,0.0,4.0,0.0,1.0,3.0
Palm Beach2012,2.0,1.0,0.0,1.0,0.0,8.0,0.0,0.0,4.0
Pasco2012,0.0,1.0,1.0,0.0,1.0,4.0,0.0,0.0,1.0
Pinellas2012,6.0,0.0,3.0,0.0,3.0,13.0,0.0,0.0,1.0
Putnam2012,1.0,0.0,1.0,1.0,0.0,9.0,0.0,0.0,6.0
Sarasota2012,0.0,0.0,1.0,1.0,0.0,4.0,0.0,0.0,2.0
St. Johns2012,0.0,0.0,0.0,1.0,0.0,3.0,0.0,0.0,2.0
St. Lucie2012,2.0,2.0,2.0,0.0,1.0,9.0,0.0,0.0,2.0
Taylor2012,0.0,0.0,0.0,0.0,0.0,1.0,0.0,0.0,1.0
Volusia2012,5.0,0.0,6.0,2.0,2.0,21.0,0.0,0.0,6.0
Wakulla2012,0.0,0.0,2.0,0.0,0.0,3.0,0.0,0.0,1.0
Walton2012,0.0,0.0,0.0,1.0,0.0,2.0,0.0,0.0,1.0
TOTAL:2012,82.0,8.0,70.0,30.0,58.0,392.0,0.0,12.0,132.0
Bay2013,0.0,0.0,0.0,2.0,0.0,3.0,0.0,0.0,1.0
Brevard2013,9.0,5.0,52.0,13.0,6.0,244.0,0.0,0.0,159.0
Broward2013,2.0,0.0,1.0,1.0,0.0,16.0,0.0,1.0,11.0
Charlotte2013,6.0,0.0,4.0,0.0,11.0,32.0,0.0,0.0,11.0
Citrus2013,4.0,2.0,4.0,0.0,3.0,17.0,0.0,0.0,4.0
Clay2013,0.0,0.0,2.0,0.0,0.0,7.0,0.0,0.0,5.0
Collier2013,2.0,0.0,2.0,0.0,9.0,18.0,0.0,0.0,5.0
DeSoto2013,0.0,0.0,1.0,0.0,0.0,1.0,0.0,0.0,0.0
Dixie2013,1.0,0.0,1.0,0.0,0.0,2.0,0.0,0.0,0.0
Duval2013,4.0,0.0,3.0,7.0,0.0,18.0,0.0,0.0,4.0
Flagler2013,0.0,0.0,2.0,1.0,0.0,4.0,0.0,0.0,1.0
Franklin2013,0.0,0.0,0.0,1.0,0.0,2.0,0.0,0.0,1.0
Gilchrist2013,0.0,0.0,1.0,0.0,0.0,1.0,0.0,0.0,0.0
Glades2013,2.0,0.0,0.0,0.0,0.0,4.0,0.0,1.0,1.0
Hernando2013,1.0,0.0,0.0,0.0,0.0,1.0,0.0,0.0,0.0
Hillsborough2013,3.0,0.0,5.0,0.0,3.0,16.0,0.0,0.0,5.0
Indian River2013,1.0,0.0,3.0,1.0,0.0,11.0,0.0,0.0,6.0
Lake2013,1.0,0.0,0.0,0.0,0.0,2.0,0.0,0.0,1.0
Lee2013,15.0,2.0,12.0,0.0,144.0,276.0,0.0,0.0,103.0
Levy2013,0.0,0.0,1.0,0.0,0.0,3.0,0.0,0.0,2.0
Manatee2013,3.0,0.0,1.0,1.0,1.0,7.0,0.0,0.0,1.0
Martin2013,0.0,0.0,3.0,2.0,0.0,7.0,0.0,0.0,2.0
Miami-Dade2013,1.0,1.0,0.0,0.0,1.0,11.0,0.0,3.0,5.0
Monroe2013,3.0,0.0,0.0,0.0,1.0,8.0,0.0,0.0,4.0
Nassau2013,0.0,0.0,0.0,0.0,0.0,1.0,0.0,0.0,1.0
Okeechobee2013,1.0,0.0,0.0,0.0,0.0,2.0,0.0,0.0,1.0
Palm Beach2013,3.0,1.0,1.0,1.0,0.0,8.0,0.0,0.0,2.0
Pinellas2013,1.0,0.0,8.0,0.0,2.0,15.0,0.0,0.0,4.0
Putnam2013,2.0,0.0,0.0,2.0,0.0,6.0,0.0,0.0,2.0
Sarasota2013,1.0,0.0,7.0,0.0,13.0,24.0,0.0,0.0,3.0
Seminole2013,0.0,0.0,1.0,0.0,0.0,1.0,0.0,0.0,0.0
St. Johns2013,0.0,1.0,2.0,3.0,0.0,8.0,0.0,0.0,2.0
St. Lucie2013,0.0,0.0,3.0,0.0,0.0,8.0,0.0,0.0,5.0
Volusia2013,7.0,0.0,9.0,4.0,2.0,42.0,0.0,0.0,20.0
Wakulla2013,0.0,0.0,0.0,0.0,1.0,3.0,0.0,0.0,2.0
Walton2013,0.0,0.0,0.0,1.0,0.0,1.0,0.0,0.0,0.0
TOTAL:2013,73.0,12.0,129.0,40.0,197.0,830.0,0.0,5.0,374.0
Brevard2014,3.0,0.0,31.0,7.0,3.0,85.0,0.0,0.0,41.0
Broward2014,2.0,0.0,1.0,0.0,0.0,7.0,0.0,0.0,4.0
Charlotte2014,7.0,0.0,0.0,0.0,2.0,17.0,0.0,0.0,8.0
Citrus2014,4.0,1.0,2.0,1.0,1.0,12.0,0.0,0.0,3.0
Clay2014,0.0,0.0,1.0,1.0,0.0,2.0,0.0,0.0,0.0
Collier2014,0.0,0.0,2.0,0.0,3.0,11.0,0.0,0.0,6.0
DeSoto2014,0.0,0.0,0.0,0.0,0.0,1.0,0.0,0.0,1.0
Duval2014,0.0,0.0,3.0,5.0,0.0,12.0,0.0,0.0,4.0
Flagler2014,0.0,0.0,4.0,1.0,0.0,6.0,0.0,0.0,1.0
Franklin2014,0.0,0.0,0.0,0.0,0.0,1.0,0.0,0.0,1.0
Glades2014,0.0,1.0,0.0,0.0,0.0,2.0,0.0,1.0,0.0
Hendry2014,0.0,0.0,1.0,0.0,0.0,2.0,0.0,0.0,1.0
Hernando2014,3.0,0.0,2.0,0.0,0.0,5.0,0.0,0.0,0.0
Highlands2014,1.0,0.0,0.0,0.0,0.0,1.0,0.0,0.0,0.0
Hillsborough2014,2.0,2.0,3.0,0.0,2.0,15.0,0.0,0.0,6.0
Indian River2014,0.0,0.0,1.0,0.0,1.0,5.0,0.0,0.0,3.0
Lake2014,0.0,0.0,0.0,0.0,0.0,2.0,0.0,0.0,2.0
Lee2014,18.0,0.0,12.0,3.0,12.0,61.0,0.0,0.0,16.0
Levy2014,0.0,0.0,2.0,0.0,1.0,5.0,0.0,0.0,2.0
Manatee2014,1.0,0.0,3.0,0.0,0.0,9.0,0.0,0.0,5.0
Marion2014,1.0,0.0,0.0,0.0,0.0,1.0,0.0,0.0,0.0
Martin2014,2.0,1.0,2.0,0.0,0.0,7.0,0.0,1.0,1.0
Miami-Dade2014,5.0,1.0,1.0,0.0,0.0,13.0,0.0,1.0,5.0
Monroe2014,3.0,0.0,1.0,0.0,1.0,11.0,0.0,0.0,6.0
Okaloosa2014,0.0,0.0,0.0,0.0,0.0,1.0,0.0,0.0,1.0
Okeechobee2014,1.0,0.0,0.0,0.0,0.0,1.0,0.0,0.0,0.0
Palm Beach2014,2.0,0.0,1.0,2.0,0.0,6.0,0.0,0.0,1.0
Pasco2014,1.0,0.0,2.0,0.0,0.0,4.0,0.0,0.0,1.0
Pinellas2014,3.0,0.0,3.0,0.0,0.0,9.0,0.0,0.0,3.0
Putnam2014,0.0,0.0,1.0,1.0,0.0,2.0,0.0,0.0,0.0
Santa Rosa2014,0.0,0.0,0.0,1.0,0.0,1.0,0.0,0.0,0.0
Sarasota2014,1.0,0.0,4.0,1.0,1.0,12.0,0.0,0.0,5.0
Seminole2014,0.0,0.0,1.0,0.0,0.0,1.0,0.0,0.0,0.0
St. Johns2014,3.0,0.0,0.0,0.0,0.0,3.0,0.0,0.0,0.0
St. Lucie2014,2.0,0.0,1.0,0.0,1.0,6.0,0.0,0.0,2.0
Taylor2014,0.0,0.0,1.0,0.0,0.0,1.0,0.0,0.0,0.0
Volusia2014,4.0,3.0,14.0,1.0,1.0,29.0,0.0,0.0,6.0
Wakulla2014,0.0,0.0,0.0,2.0,0.0,2.0,0.0,0.0,0.0
TOTAL:2014,69.0,9.0,100.0,26.0,29.0,371.0,0.0,3.0,135.0
Brevard2015,10.0,5.0,29.0,6.0,5.0,98.0,0.0,0.0,43.0
Broward2015,1.0,0.0,1.0,2.0,1.0,13.0,0.0,1.0,7.0
Charlotte2015,8.0,0.0,0.0,0.0,4.0,18.0,0.0,0.0,6.0
Citrus2015,3.0,2.0,7.0,2.0,2.0,21.0,0.0,0.0,5.0
Clay2015,0.0,0.0,1.0,0.0,0.0,1.0,0.0,0.0,0.0
Collier2015,2.0,0.0,2.0,1.0,1.0,12.0,0.0,0.0,6.0
DeSoto2015,1.0,0.0,0.0,0.0,0.0,1.0,0.0,0.0,0.0
Duval2015,1.0,0.0,3.0,2.0,0.0,8.0,0.0,0.0,2.0
Flagler2015,0.0,0.0,5.0,0.0,1.0,6.0,0.0,0.0,0.0
Gilchrist2015,0.0,0.0,0.0,0.0,0.0,1.0,0.0,0.0,1.0
Glades2015,0.0,0.0,0.0,0.0,0.0,3.0,0.0,3.0,0.0
Hendry2015,0.0,0.0,0.0,0.0,0.0,1.0,0.0,0.0,1.0
Hernando2015,0.0,0.0,1.0,0.0,0.0,1.0,0.0,0.0,0.0
Hillsborough2015,5.0,2.0,3.0,0.0,3.0,18.0,0.0,0.0,5.0
Indian River2015,4.0,0.0,4.0,0.0,1.0,13.0,0.0,0.0,4.0
Jefferson2015,1.0,0.0,0.0,0.0,0.0,1.0,0.0,0.0,0.0
Lake2015,0.0,0.0,1.0,0.0,0.0,2.0,0.0,0.0,1.0
Lee2015,20.0,0.0,7.0,2.0,11.0,60.0,0.0,0.0,20.0
Levy2015,0.0,0.0,1.0,0.0,0.0,1.0,0.0,0.0,0.0
Manatee2015,4.0,0.0,5.0,0.0,4.0,16.0,0.0,0.0,3.0
Marion2015,1.0,0.0,1.0,0.0,0.0,3.0,0.0,0.0,1.0
Martin2015,3.0,0.0,0.0,0.0,1.0,8.0,0.0,1.0,3.0
Miami-Dade2015,2.0,1.0,1.0,0.0,2.0,17.0,0.0,0.0,11.0
Monroe2015,3.0,0.0,0.0,1.0,0.0,6.0,0.0,0.0,2.0
Okeechobee2015,0.0,0.0,1.0,0.0,0.0,3.0,0.0,0.0,2.0
Palm Beach2015,0.0,1.0,1.0,2.0,0.0,10.0,0.0,0.0,6.0
Pasco2015,1.0,0.0,0.0,0.0,0.0,1.0,0.0,0.0,0.0
Pinellas2015,4.0,0.0,2.0,0.0,3.0,12.0,0.0,0.0,3.0
Putnam2015,1.0,0.0,2.0,0.0,0.0,5.0,0.0,0.0,2.0
Sarasota2015,1.0,0.0,2.0,0.0,4.0,11.0,0.0,0.0,4.0
St. Johns2015,1.0,0.0,1.0,0.0,0.0,3.0,0.0,0.0,1.0
St. Lucie2015,1.0,0.0,2.0,0.0,1.0,6.0,0.0,0.0,2.0
Taylor2015,0.0,0.0,0.0,0.0,0.0,1.0,0.0,0.0,1.0
Volusia2015,8.0,0.0,8.0,0.0,0.0,23.0,0.0,0.0,7.0
Wakulla2015,0.0,0.0,0.0,0.0,0.0,1.0,0.0,0.0,1.0
TOTAL:2015,86.0,11.0,91.0,18.0,44.0,405.0,0.0,5.0,150.0
Bay2016,0.0,0.0,0.0,0.0,0.0,1.0,0.0,0.0,1.0
Brevard2016,10.0,1.0,45.0,4.0,3.0,110.0,0.0,0.0,47.0
Broward2016,5.0,0.0,1.0,0.0,3.0,18.0,0.0,0.0,9.0
Charlotte2016,2.0,0.0,2.0,0.0,11.0,20.0,0.0,0.0,5.0
Citrus2016,3.0,0.0,6.0,1.0,3.0,16.0,0.0,0.0,3.0
Clay2016,0.0,0.0,0.0,0.0,0.0,1.0,0.0,0.0,1.0
Collier2016,6.0,0.0,2.0,1.0,12.0,31.0,0.0,0.0,10.0
Duval2016,1.0,1.0,0.0,3.0,2.0,12.0,0.0,1.0,4.0
Flagler2016,0.0,0.0,2.0,2.0,0.0,4.0,0.0,0.0,0.0
Glades2016,0.0,0.0,0.0,0.0,1.0,5.0,0.0,0.0,4.0
Gulf2016,0.0,0.0,0.0,0.0,1.0,1.0,0.0,0.0,0.0
Hernando2016,0.0,0.0,1.0,0.0,1.0,2.0,0.0,0.0,0.0
Hillsborough2016,7.0,0.0,3.0,1.0,3.0,24.0,0.0,0.0,10.0
Indian River2016,1.0,0.0,0.0,1.0,0.0,7.0,0.0,0.0,5.0
Lake2016,0.0,0.0,1.0,0.0,0.0,1.0,0.0,0.0,0.0
Lee2016,19.0,1.0,11.0,3.0,17.0,84.0,0.0,0.0,33.0
Levy2016,0.0,0.0,1.0,1.0,0.0,4.0,0.0,0.0,2.0
Manatee2016,4.0,0.0,2.0,1.0,6.0,15.0,0.0,0.0,2.0
Marion2016,1.0,0.0,0.0,0.0,0.0,1.0,0.0,0.0,0.0
Martin2016,3.0,0.0,4.0,1.0,2.0,11.0,0.0,0.0,1.0
Miami-Dade2016,4.0,1.0,1.0,0.0,0.0,14.0,0.0,1.0,7.0
Monroe2016,10.0,0.0,0.0,0.0,3.0,24.0,0.0,0.0,11.0
Okeechobee2016,0.0,0.0,1.0,1.0,0.0,3.0,0.0,0.0,1.0
Orange2016,0.0,0.0,0.0,0.0,0.0,1.0,0.0,0.0,1.0
Palm Beach2016,4.0,0.0,1.0,1.0,0.0,8.0,0.0,0.0,2.0
Pasco2016,1.0,1.0,1.0,0.0,2.0,5.0,0.0,0.0,0.0
Pinellas2016,4.0,0.0,7.0,1.0,5.0,23.0,0.0,0.0,6.0
Putnam2016,3.0,0.0,1.0,0.0,0.0,8.0,0.0,0.0,4.0
Sarasota2016,2.0,0.0,6.0,0.0,8.0,20.0,0.0,0.0,4.0
Seminole2016,0.0,0.0,0.0,0.0,0.0,2.0,0.0,0.0,2.0
St. Johns2016,3.0,0.0,2.0,1.0,0.0,7.0,0.0,0.0,1.0
St. Lucie2016,1.0,1.0,1.0,0.0,0.0,4.0,0.0,0.0,1.0
Volusia2016,12.0,0.0,11.0,1.0,3.0,33.0,0.0,0.0,6.0
TOTAL:2016,106.0,6.0,113.0,24.0,86.0,520.0,0.0,2.0,183.0
Bay2017,0.0,0.0,0.0,0.0,0.0,3.0,0.0,0.0,3.0
Brevard2017,13.0,4.0,21.0,13.0,5.0,111.0,0.0,0.0,55.0
Broward2017,7.0,0.0,0.0,0.0,2.0,13.0,0.0,0.0,4.0
Charlotte2017,3.0,0.0,1.0,0.0,18.0,29.0,0.0,0.0,7.0
Citrus2017,7.0,3.0,9.0,0.0,4.0,25.0,0.0,0.0,2.0
Clay2017,0.0,0.0,0.0,1.0,0.0,2.0,0.0,0.0,1.0
Collier2017,4.0,2.0,3.0,0.0,3.0,18.0,0.0,0.0,6.0
DeSoto2017,0.0,0.0,0.0,0.0,1.0,1.0,0.0,0.0,0.0
Dixie2017,1.0,0.0,1.0,0.0,0.0,2.0,0.0,0.0,0.0
Duval2017,6.0,0.0,5.0,4.0,1.0,19.0,0.0,0.0,3.0
Flagler2017,0.0,0.0,1.0,0.0,0.0,1.0,0.0,0.0,0.0
Glades2017,1.0,0.0,0.0,0.0,0.0,3.0,0.0,0.0,2.0
Hernando2017,1.0,0.0,0.0,0.0,0.0,1.0,0.0,0.0,0.0
Hillsborough2017,5.0,0.0,8.0,0.0,5.0,24.0,0.0,0.0,6.0
Indian River2017,2.0,0.0,1.0,1.0,1.0,12.0,0.0,0.0,7.0
Lee2017,16.0,1.0,24.0,2.0,21.0,78.0,0.0,0.0,14.0
Levy2017,0.0,1.0,2.0,0.0,0.0,5.0,0.0,0.0,2.0
Manatee2017,5.0,0.0,5.0,0.0,7.0,20.0,0.0,0.0,3.0
Marion2017,1.0,0.0,0.0,0.0,0.0,1.0,0.0,0.0,0.0
Martin2017,2.0,1.0,2.0,0.0,1.0,8.0,0.0,2.0,0.0
Miami-Dade2017,2.0,0.0,3.0,0.0,0.0,15.0,0.0,0.0,10.0
Monroe2017,6.0,0.0,4.0,0.0,0.0,17.0,0.0,0.0,7.0
Okeechobee2017,2.0,0.0,1.0,0.0,0.0,4.0,0.0,1.0,0.0
Palm Beach2017,2.0,0.0,1.0,2.0,0.0,9.0,0.0,0.0,4.0
Pasco2017,0.0,0.0,2.0,0.0,0.0,2.0,0.0,0.0,0.0
Pinellas2017,8.0,0.0,7.0,0.0,4.0,27.0,0.0,0.0,8.0
Putnam2017,0.0,0.0,1.0,0.0,0.0,4.0,0.0,0.0,3.0
Santa Rosa2017,0.0,0.0,0.0,1.0,0.0,1.0,0.0,0.0,0.0
Sarasota2017,1.0,0.0,5.0,1.0,17.0,27.0,0.0,0.0,3.0
Seminole2017,0.0,0.0,1.0,0.0,0.0,3.0,0.0,0.0,2.0
St. Johns2017,0.0,1.0,0.0,3.0,0.0,5.0,0.0,0.0,1.0
St. Lucie2017,2.0,1.0,1.0,1.0,0.0,8.0,0.0,0.0,3.0
Taylor2017,0.0,0.0,1.0,0.0,0.0,1.0,0.0,0.0,0.0
Volusia2017,14.0,1.0,7.0,1.0,3.0,39.0,0.0,0.0,13.0
TOTAL:2017,111.0,15.0,117.0,30.0,93.0,538.0,0.0,3.0,169.0
Bay2018,0.0,0.0,0.0,1.0,0.0,1.0,0.0,0.0,0.0
Brevard2018,15.0,5.0,46.0,20.0,4.0,117.0,0.0,0.0,27.0
Broward2018,6.0,2.0,0.0,4.0,4.0,21.0,0.0,0.0,5.0
Charlotte2018,6.0,1.0,1.0,0.0,22.0,40.0,0.0,0.0,10.0
Citrus2018,6.0,1.0,8.0,1.0,6.0,25.0,0.0,0.0,3.0
Clay2018,0.0,0.0,0.0,2.0,0.0,2.0,0.0,0.0,0.0
Collier2018,2.0,1.0,4.0,5.0,31.0,68.0,0.0,0.0,25.0
Dixie2018,0.0,0.0,0.0,0.0,0.0,2.0,0.0,0.0,2.0
Duval2018,0.0,1.0,2.0,6.0,0.0,11.0,0.0,0.0,2.0
Escambia2018,2.0,0.0,0.0,1.0,0.0,3.0,0.0,0.0,0.0
Flagler2018,1.0,0.0,1.0,0.0,0.0,2.0,0.0,0.0,0.0
Franklin2018,0.0,0.0,0.0,2.0,0.0,3.0,0.0,0.0,1.0
Glades2018,0.0,0.0,0.0,0.0,0.0,2.0,0.0,0.0,2.0
Gulf2018,0.0,0.0,0.0,0.0,0.0,1.0,0.0,0.0,1.0
Hendry2018,1.0,1.0,0.0,0.0,1.0,4.0,0.0,0.0,1.0
Hernando2018,1.0,0.0,0.0,0.0,0.0,1.0,0.0,0.0,0.0
Hillsborough2018,8.0,1.0,8.0,4.0,5.0,34.0,0.0,0.0,8.0
Indian River2018,3.0,2.0,3.0,0.0,2.0,13.0,0.0,0.0,3.0
Lake2018,1.0,0.0,0.0,0.0,0.0,2.0,0.0,0.0,1.0
Lee2018,17.0,1.0,10.0,4.0,79.0,182.0,0.0,1.0,70.0
Levy2018,1.0,0.0,0.0,2.0,0.0,3.0,0.0,0.0,0.0
Manatee2018,5.0,0.0,4.0,3.0,8.0,29.0,0.0,0.0,9.0
Martin2018,3.0,0.0,1.0,4.0,3.0,16.0,0.0,2.0,3.0
Miami-Dade2018,2.0,2.0,0.0,3.0,1.0,19.0,0.0,1.0,10.0
Monroe2018,8.0,0.0,2.0,2.0,1.0,26.0,0.0,0.0,13.0
Okaloosa2018,0.0,0.0,0.0,1.0,0.0,1.0,0.0,0.0,0.0
Okeechobee2018,0.0,0.0,0.0,0.0,0.0,2.0,0.0,2.0,0.0
Palm Beach2018,5.0,1.0,2.0,2.0,1.0,13.0,0.0,0.0,2.0
Pasco2018,2.0,0.0,0.0,2.0,0.0,5.0,0.0,0.0,1.0
Pinellas2018,9.0,2.0,7.0,1.0,21.0,53.0,0.0,0.0,13.0
Putnam2018,0.0,0.0,2.0,3.0,0.0,5.0,0.0,0.0,0.0
Sarasota2018,3.0,0.0,2.0,1.0,37.0,53.0,0.0,0.0,10.0
Seminole2018,0.0,0.0,0.0,0.0,0.0,1.0,0.0,0.0,1.0
St. Johns2018,2.0,0.0,1.0,4.0,1.0,8.0,0.0,0.0,0.0
St. Lucie2018,2.0,0.0,1.0,0.0,3.0,10.0,0.0,0.0,4.0
Taylor2018,0.0,0.0,0.0,1.0,0.0,1.0,0.0,0.0,0.0
Volusia2018,11.0,0.0,7.0,5.0,3.0,37.0,0.0,0.0,11.0
Wakulla2018,2.0,0.0,1.0,0.0,0.0,7.0,0.0,0.0,4.0
Walton2018,0.0,0.0,0.0,1.0,0.0,1.0,0.0,0.0,0.0
TOTAL:2018,124.0,21.0,113.0,85.0,233.0,824.0,0.0,6.0,242.0
Bay2019,0.0,0.0,0.0,3.0,0.0,5.0,0.0,0.0,2.0
Brevard2019,16.0,3.0,15.0,15.0,11.0,88.0,0.0,0.0,28.0
Broward2019,3.0,0.0,1.0,3.0,0.0,14.0,0.0,0.0,7.0
Charlotte2019,4.0,0.0,5.0,2.0,5.0,29.0,0.0,0.0,13.0
Citrus2019,7.0,1.0,5.0,1.0,6.0,26.0,0.0,0.0,6.0
Clay2019,0.0,0.0,0.0,0.0,0.0,1.0,0.0,0.0,1.0
Collier2019,6.0,0.0,3.0,7.0,4.0,33.0,0.0,0.0,13.0
Dixie2019,0.0,0.0,0.0,0.0,0.0,2.0,0.0,0.0,2.0
Duval2019,4.0,0.0,1.0,4.0,0.0,11.0,0.0,0.0,2.0
Flagler2019,0.0,0.0,1.0,4.0,1.0,7.0,0.0,0.0,1.0
Glades2019,3.0,0.0,0.0,0.0,0.0,7.0,0.0,3.0,1.0
Hernando2019,2.0,0.0,0.0,0.0,0.0,2.0,0.0,0.0,0.0
Hillsborough2019,7.0,0.0,6.0,2.0,2.0,23.0,0.0,0.0,6.0
Indian River2019,4.0,0.0,0.0,2.0,2.0,9.0,0.0,0.0,1.0
Lake2019,1.0,0.0,1.0,0.0,0.0,3.0,0.0,0.0,1.0
Lee2019,27.0,0.0,9.0,1.0,25.0,143.0,0.0,0.0,81.0
Levy2019,2.0,0.0,1.0,0.0,0.0,4.0,0.0,0.0,1.0
Manatee2019,5.0,0.0,2.0,1.0,7.0,17.0,0.0,0.0,2.0
Marion2019,0.0,0.0,0.0,0.0,0.0,2.0,0.0,1.0,1.0
Martin2019,2.0,0.0,1.0,2.0,1.0,9.0,0.0,0.0,3.0
Miami-Dade2019,6.0,0.0,0.0,0.0,3.0,15.0,0.0,1.0,5.0
Monroe2019,5.0,0.0,2.0,1.0,1.0,33.0,0.0,0.0,24.0
Nassau2019,0.0,0.0,0.0,1.0,0.0,2.0,0.0,0.0,1.0
Okeechobee2019,1.0,0.0,0.0,0.0,0.0,1.0,0.0,0.0,0.0
Palm Beach2019,5.0,1.0,0.0,3.0,3.0,16.0,0.0,0.0,4.0
Pasco2019,1.0,0.0,1.0,0.0,0.0,2.0,0.0,0.0,0.0
Pinellas2019,7.0,0.0,5.0,2.0,2.0,25.0,0.0,0.0,9.0
Putnam2019,0.0,0.0,1.0,0.0,0.0,3.0,0.0,0.0,2.0
Sarasota2019,2.0,0.0,1.0,1.0,5.0,17.0,0.0,0.0,8.0
Seminole2019,0.0,0.0,0.0,1.0,0.0,2.0,0.0,0.0,1.0
St. Johns2019,0.0,0.0,1.0,1.0,0.0,4.0,0.0,0.0,2.0
St. Lucie2019,1.0,0.0,1.0,4.0,1.0,11.0,0.0,0.0,4.0
Taylor2019,1.0,0.0,0.0,0.0,0.0,2.0,0.0,0.0,1.0
Volusia2019,12.0,3.0,8.0,3.0,0.0,33.0,0.0,0.0,7.0
Wakulla2019,3.0,1.0,0.0,0.0,0.0,6.0,0.0,0.0,2.0
TOTAL:2019,137.0,9.0,71.0,64.0,79.0,607.0,0.0,5.0,242.0
Bay2020,0.0,0.0,0.0,0.0,0.0,3.0,3.0,0.0,0.0
Brevard2020,14.0,9.0,35.0,17.0,15.0,173.0,57.0,0.0,26.0
Broward2020,2.0,0.0,1.0,1.0,4.0,20.0,7.0,0.0,5.0
Charlotte2020,2.0,0.0,1.0,0.0,1.0,17.0,10.0,0.0,3.0
Citrus2020,3.0,0.0,4.0,1.0,0.0,15.0,5.0,0.0,2.0
Clay2020,0.0,0.0,2.0,0.0,0.0,2.0,0.0,0.0,0.0
Collier2020,1.0,0.0,5.0,1.0,1.0,14.0,4.0,0.0,2.0
Dixie2020,0.0,0.0,1.0,0.0,0.0,1.0,0.0,0.0,0.0
Duval2020,0.0,1.0,1.0,2.0,0.0,9.0,3.0,1.0,1.0
Flagler2020,1.0,0.0,1.0,1.0,0.0,4.0,0.0,0.0,1.0
Franklin2020,0.0,0.0,1.0,0.0,0.0,6.0,5.0,0.0,0.0
Gilchrist2020,0.0,0.0,1.0,0.0,0.0,1.0,0.0,0.0,0.0
Glades2020,0.0,0.0,0.0,0.0,0.0,3.0,2.0,1.0,0.0
Hendry2020,0.0,0.0,1.0,0.0,0.0,2.0,0.0,1.0,0.0
Hillsborough2020,9.0,0.0,4.0,0.0,1.0,21.0,5.0,0.0,2.0
Indian River2020,2.0,0.0,1.0,3.0,1.0,19.0,10.0,0.0,2.0
Lake2020,1.0,0.0,1.0,0.0,0.0,5.0,0.0,0.0,3.0
Lee2020,7.0,1.0,18.0,2.0,14.0,68.0,18.0,0.0,8.0
Manatee2020,8.0,0.0,4.0,1.0,2.0,25.0,7.0,0.0,3.0
Marion2020,2.0,0.0,1.0,2.0,2.0,9.0,1.0,0.0,1.0
Martin2020,4.0,0.0,3.0,4.0,0.0,23.0,8.0,3.0,1.0
Miami-Dade2020,2.0,1.0,3.0,2.0,3.0,25.0,9.0,1.0,4.0
Monroe2020,5.0,1.0,4.0,0.0,1.0,33.0,18.0,0.0,4.0
Nassau2020,0.0,0.0,0.0,0.0,0.0,1.0,0.0,0.0,1.0
Okaloosa2020,1.0,0.0,0.0,0.0,0.0,1.0,0.0,0.0,0.0
Okeechobee2020,2.0,0.0,0.0,0.0,0.0,5.0,2.0,1.0,0.0
Palm Beach2020,6.0,0.0,2.0,2.0,0.0,17.0,4.0,0.0,3.0
Pasco2020,1.0,1.0,0.0,0.0,0.0,4.0,2.0,0.0,0.0
Pinellas2020,6.0,0.0,5.0,0.0,2.0,22.0,2.0,0.0,7.0
Putnam2020,1.0,0.0,2.0,1.0,0.0,11.0,4.0,0.0,3.0
Santa Rosa2020,0.0,0.0,0.0,0.0,0.0,1.0,1.0,0.0,0.0
Sarasota2020,1.0,0.0,3.0,0.0,1.0,6.0,1.0,0.0,0.0
Seminole2020,0.0,0.0,2.0,0.0,0.0,2.0,0.0,0.0,0.0
St. Johns2020,1.0,0.0,0.0,2.0,1.0,9.0,5.0,0.0,0.0
St. Lucie2020,3.0,0.0,0.0,4.0,1.0,15.0,3.0,3.0,1.0
Taylor2020,1.0,0.0,0.0,0.0,0.0,2.0,0.0,0.0,1.0
Volusia2020,4.0,2.0,6.0,3.0,3.0,40.0,15.0,0.0,7.0
Wakulla2020,0.0,0.0,1.0,0.0,0.0,2.0,1.0,0.0,0.0
Walton2020,0.0,0.0,0.0,0.0,0.0,1.0,1.0,0.0,0.0
TOTAL:2020,90.0,16.0,114.0,49.0,53.0,637.0,213.0,11.0,91.0
